condition,pid,catBoundDist,famInd,trialsComplete,correct,f0,f1
blocked,565c40fbc121fe0005fc3b62,1,2.6666666666666665,74.8,0.7111111111111111,3.5,3.5
blocked,565c40fbc121fe0005fc3b62,2,2.6666666666666665,78.44444444444444,0.8333333333333334,3.5,3.5
blocked,565c40fbc121fe0005fc3b62,3,2.6666666666666665,74.11111111111111,0.9074074074074074,3.5,3.5
blocked,565c40fbc121fe0005fc3b62,4,2.6666666666666665,75.86111111111111,0.9444444444444444,3.5,3.5
blocked,565c40fbc121fe0005fc3b62,5,2.6666666666666665,70.66666666666667,1.0,3.5,3.5
blocked,567bdc76b7d79a0012b2738a,1,2.6666666666666665,76.71111111111111,0.45555555555555555,3.5,3.5
blocked,567bdc76b7d79a0012b2738a,2,2.6666666666666665,74.625,0.5416666666666666,3.5,3.5
blocked,567bdc76b7d79a0012b2738a,3,2.6666666666666665,73.29629629629629,0.6666666666666666,3.5,3.5
blocked,567bdc76b7d79a0012b2738a,4,2.6666666666666665,78.63888888888889,0.6111111111111112,3.5,3.5
blocked,567bdc76b7d79a0012b2738a,5,2.6666666666666665,73.27777777777777,0.6111111111111112,3.5,3.5
blocked,572faa2cad131600100169b5,1,2.6666666666666665,75.72222222222223,0.6444444444444445,3.5,3.5
blocked,572faa2cad131600100169b5,2,2.6666666666666665,74.34722222222223,0.7916666666666666,3.5,3.5
blocked,572faa2cad131600100169b5,3,2.6666666666666665,78.07407407407408,0.8888888888888888,3.5,3.5
blocked,572faa2cad131600100169b5,4,2.6666666666666665,75.05555555555556,0.9444444444444444,3.5,3.5
blocked,572faa2cad131600100169b5,5,2.6666666666666665,72.16666666666667,1.0,3.5,3.5
blocked,5745a5ab5e549100063b1193,1,2.6666666666666665,77.14444444444445,0.5777777777777777,3.5,3.5
blocked,5745a5ab5e549100063b1193,2,2.6666666666666665,74.84722222222223,0.6666666666666666,3.5,3.5
blocked,5745a5ab5e549100063b1193,3,2.6666666666666665,75.18518518518519,0.8703703703703703,3.5,3.5
blocked,5745a5ab5e549100063b1193,4,2.6666666666666665,77.41666666666667,0.9444444444444444,3.5,3.5
blocked,5745a5ab5e549100063b1193,5,2.6666666666666665,67.0,0.8888888888888888,3.5,3.5
blocked,588e7fc25726cc00011d72ce,1,2.6666666666666665,74.91111111111111,0.6222222222222222,3.5,3.5
blocked,588e7fc25726cc00011d72ce,2,2.6666666666666665,76.88888888888889,0.875,3.5,3.5
blocked,588e7fc25726cc00011d72ce,3,2.6666666666666665,75.38888888888889,0.9074074074074074,3.5,3.5
blocked,588e7fc25726cc00011d72ce,4,2.6666666666666665,78.27777777777777,1.0,3.5,3.5
blocked,588e7fc25726cc00011d72ce,5,2.6666666666666665,67.66666666666667,1.0,3.5,3.5
blocked,597b38ed09bdcf000153fcac,1,2.6666666666666665,74.35555555555555,0.6777777777777778,3.5,3.5
blocked,597b38ed09bdcf000153fcac,2,2.6666666666666665,77.19444444444444,0.8888888888888888,3.5,3.5
blocked,597b38ed09bdcf000153fcac,3,2.6666666666666665,76.79629629629629,0.8888888888888888,3.5,3.5
blocked,597b38ed09bdcf000153fcac,4,2.6666666666666665,72.75,0.8055555555555556,3.5,3.5
blocked,597b38ed09bdcf000153fcac,5,2.6666666666666665,76.05555555555556,0.9444444444444444,3.5,3.5
blocked,59e39cc9c0d35a0001294f20,1,2.6666666666666665,75.61111111111111,0.6111111111111112,3.5,3.5
blocked,59e39cc9c0d35a0001294f20,2,2.6666666666666665,76.11111111111111,0.7361111111111112,3.5,3.5
blocked,59e39cc9c0d35a0001294f20,3,2.6666666666666665,72.0925925925926,0.8703703703703703,3.5,3.5
blocked,59e39cc9c0d35a0001294f20,4,2.6666666666666665,74.58333333333333,0.8888888888888888,3.5,3.5
blocked,59e39cc9c0d35a0001294f20,5,2.6666666666666665,84.55555555555556,0.9444444444444444,3.5,3.5
blocked,5a0323d1c259f30001765337,1,2.6666666666666665,75.72222222222223,0.5555555555555556,3.5,3.5
blocked,5a0323d1c259f30001765337,2,2.6666666666666665,75.91666666666667,0.6944444444444444,3.5,3.5
blocked,5a0323d1c259f30001765337,3,2.6666666666666665,76.22222222222223,0.7407407407407407,3.5,3.5
blocked,5a0323d1c259f30001765337,4,2.6666666666666665,73.86111111111111,0.8055555555555556,3.5,3.5
blocked,5a0323d1c259f30001765337,5,2.6666666666666665,73.83333333333333,0.7222222222222222,3.5,3.5
blocked,5a6759ad35f26b0001496694,1,2.6666666666666665,78.03333333333333,0.6555555555555556,3.5,3.5
blocked,5a6759ad35f26b0001496694,2,2.6666666666666665,73.68055555555556,0.8472222222222222,3.5,3.5
blocked,5a6759ad35f26b0001496694,3,2.6666666666666665,75.79629629629629,0.9259259259259259,3.5,3.5
blocked,5a6759ad35f26b0001496694,4,2.6666666666666665,72.25,0.8888888888888888,3.5,3.5
blocked,5a6759ad35f26b0001496694,5,2.6666666666666665,75.72222222222223,0.8888888888888888,3.5,3.5
blocked,5ab41678e1546900019b4b15,1,2.6666666666666665,76.95555555555555,0.6444444444444445,3.5,3.5
blocked,5ab41678e1546900019b4b15,2,2.6666666666666665,77.27777777777777,0.7638888888888888,3.5,3.5
blocked,5ab41678e1546900019b4b15,3,2.6666666666666665,75.18518518518519,0.8518518518518519,3.5,3.5
blocked,5ab41678e1546900019b4b15,4,2.6666666666666665,69.22222222222223,0.9444444444444444,3.5,3.5
blocked,5ab41678e1546900019b4b15,5,2.6666666666666665,74.61111111111111,0.9444444444444444,3.5,3.5
blocked,5b2150d538b0be00014137fb,1,2.6666666666666665,77.85555555555555,0.5888888888888889,3.5,3.5
blocked,5b2150d538b0be00014137fb,2,2.6666666666666665,76.76388888888889,0.7222222222222222,3.5,3.5
blocked,5b2150d538b0be00014137fb,3,2.6666666666666665,74.11111111111111,0.8703703703703703,3.5,3.5
blocked,5b2150d538b0be00014137fb,4,2.6666666666666665,73.16666666666667,0.9166666666666666,3.5,3.5
blocked,5b2150d538b0be00014137fb,5,2.6666666666666665,67.5,0.9444444444444444,3.5,3.5
blocked,5bd948d7544d4f000141e81f,1,2.6666666666666665,76.92222222222222,0.4444444444444444,3.5,3.5
blocked,5bd948d7544d4f000141e81f,2,2.6666666666666665,75.72222222222223,0.5972222222222222,3.5,3.5
blocked,5bd948d7544d4f000141e81f,3,2.6666666666666665,74.77777777777777,0.5370370370370371,3.5,3.5
blocked,5bd948d7544d4f000141e81f,4,2.6666666666666665,72.11111111111111,0.6666666666666666,3.5,3.5
blocked,5bd948d7544d4f000141e81f,5,2.6666666666666665,76.44444444444444,0.6111111111111112,3.5,3.5
blocked,5c28d5a5664ccc000127bec8,1,2.6666666666666665,76.24444444444444,0.5777777777777777,3.5,3.5
blocked,5c28d5a5664ccc000127bec8,2,2.6666666666666665,77.81944444444444,0.6527777777777778,3.5,3.5
blocked,5c28d5a5664ccc000127bec8,3,2.6666666666666665,73.66666666666667,0.6481481481481481,3.5,3.5
blocked,5c28d5a5664ccc000127bec8,4,2.6666666666666665,72.63888888888889,0.8333333333333334,3.5,3.5
blocked,5c28d5a5664ccc000127bec8,5,2.6666666666666665,73.72222222222223,0.7777777777777778,3.5,3.5
blocked,5c4484b7b00b3300018f7876,1,2.6666666666666665,74.2,0.4888888888888889,3.5,3.5
blocked,5c4484b7b00b3300018f7876,2,2.6666666666666665,73.41666666666667,0.6111111111111112,3.5,3.5
blocked,5c4484b7b00b3300018f7876,3,2.6666666666666665,76.55555555555556,0.5370370370370371,3.5,3.5
blocked,5c4484b7b00b3300018f7876,4,2.6666666666666665,79.47222222222223,0.5277777777777778,3.5,3.5
blocked,5c4484b7b00b3300018f7876,5,2.6666666666666665,79.22222222222223,0.6111111111111112,3.5,3.5
blocked,5c4ded8b818d4d00013e69c9,1,2.6666666666666665,74.85555555555555,0.5777777777777777,3.5,3.5
blocked,5c4ded8b818d4d00013e69c9,2,2.6666666666666665,73.27777777777777,0.6111111111111112,3.5,3.5
blocked,5c4ded8b818d4d00013e69c9,3,2.6666666666666665,81.87037037037037,0.8148148148148148,3.5,3.5
blocked,5c4ded8b818d4d00013e69c9,4,2.6666666666666665,74.08333333333333,0.8055555555555556,3.5,3.5
blocked,5c4ded8b818d4d00013e69c9,5,2.6666666666666665,71.33333333333333,0.9444444444444444,3.5,3.5
blocked,5c5da3b159ec1d0001fe5606,1,2.6666666666666665,75.63333333333334,0.7111111111111111,3.5,3.5
blocked,5c5da3b159ec1d0001fe5606,2,2.6666666666666665,76.48611111111111,0.8611111111111112,3.5,3.5
blocked,5c5da3b159ec1d0001fe5606,3,2.6666666666666665,75.46296296296296,0.9629629629629629,3.5,3.5
blocked,5c5da3b159ec1d0001fe5606,4,2.6666666666666665,75.91666666666667,0.9722222222222222,3.5,3.5
blocked,5c5da3b159ec1d0001fe5606,5,2.6666666666666665,70.16666666666667,0.9444444444444444,3.5,3.5
blocked,5c7ceda01d2afc0001f4ad1d,1,2.6666666666666665,78.14444444444445,0.5888888888888889,3.5,3.5
blocked,5c7ceda01d2afc0001f4ad1d,2,2.6666666666666665,74.91666666666667,0.7222222222222222,3.5,3.5
blocked,5c7ceda01d2afc0001f4ad1d,3,2.6666666666666665,72.44444444444444,0.7777777777777778,3.5,3.5
blocked,5c7ceda01d2afc0001f4ad1d,4,2.6666666666666665,74.80555555555556,0.8333333333333334,3.5,3.5
blocked,5c7ceda01d2afc0001f4ad1d,5,2.6666666666666665,75.16666666666667,0.8333333333333334,3.5,3.5
blocked,5cc076320004360001ed90dc,1,2.6666666666666665,73.13333333333334,0.6111111111111112,3.5,3.5
blocked,5cc076320004360001ed90dc,2,2.6666666666666665,76.30555555555556,0.7638888888888888,3.5,3.5
blocked,5cc076320004360001ed90dc,3,2.6666666666666665,80.29629629629629,0.8703703703703703,3.5,3.5
blocked,5cc076320004360001ed90dc,4,2.6666666666666665,71.88888888888889,0.9722222222222222,3.5,3.5
blocked,5cc076320004360001ed90dc,5,2.6666666666666665,76.94444444444444,0.9444444444444444,3.5,3.5
blocked,5cc7443b836ddc0016fec706,1,2.6666666666666665,75.52222222222223,0.5333333333333333,3.5,3.5
blocked,5cc7443b836ddc0016fec706,2,2.6666666666666665,76.5,0.7083333333333334,3.5,3.5
blocked,5cc7443b836ddc0016fec706,3,2.6666666666666665,75.31481481481481,0.8888888888888888,3.5,3.5
blocked,5cc7443b836ddc0016fec706,4,2.6666666666666665,75.83333333333333,0.8611111111111112,3.5,3.5
blocked,5cc7443b836ddc0016fec706,5,2.6666666666666665,71.27777777777777,0.9444444444444444,3.5,3.5
blocked,5cf91e3f1756e60017a30568,1,2.6666666666666665,74.62222222222222,0.6111111111111112,3.5,3.5
blocked,5cf91e3f1756e60017a30568,2,2.6666666666666665,75.25,0.7638888888888888,3.5,3.5
blocked,5cf91e3f1756e60017a30568,3,2.6666666666666665,77.51851851851852,0.8888888888888888,3.5,3.5
blocked,5cf91e3f1756e60017a30568,4,2.6666666666666665,75.88888888888889,1.0,3.5,3.5
blocked,5cf91e3f1756e60017a30568,5,2.6666666666666665,74.05555555555556,0.9444444444444444,3.5,3.5
blocked,5d2249547afc290017e5a8f9,1,2.6666666666666665,75.16666666666667,0.5777777777777777,3.5,3.5
blocked,5d2249547afc290017e5a8f9,2,2.6666666666666665,75.26388888888889,0.75,3.5,3.5
blocked,5d2249547afc290017e5a8f9,3,2.6666666666666665,75.68518518518519,0.8888888888888888,3.5,3.5
blocked,5d2249547afc290017e5a8f9,4,2.6666666666666665,79.58333333333333,0.8888888888888888,3.5,3.5
blocked,5d2249547afc290017e5a8f9,5,2.6666666666666665,69.38888888888889,0.8333333333333334,3.5,3.5
blocked,5d31c6bac88f0e00164c3ccb,1,2.6666666666666665,73.68888888888888,0.5222222222222223,3.5,3.5
blocked,5d31c6bac88f0e00164c3ccb,2,2.6666666666666665,72.83333333333333,0.6527777777777778,3.5,3.5
blocked,5d31c6bac88f0e00164c3ccb,3,2.6666666666666665,78.55555555555556,0.6296296296296297,3.5,3.5
blocked,5d31c6bac88f0e00164c3ccb,4,2.6666666666666665,78.0,0.75,3.5,3.5
blocked,5d31c6bac88f0e00164c3ccb,5,2.6666666666666665,81.05555555555556,0.8888888888888888,3.5,3.5
blocked,5d442ba693066e00185a44d6,1,2.6666666666666665,73.47777777777777,0.6,3.5,3.5
blocked,5d442ba693066e00185a44d6,2,2.6666666666666665,76.51388888888889,0.7083333333333334,3.5,3.5
blocked,5d442ba693066e00185a44d6,3,2.6666666666666665,76.87037037037037,0.8518518518518519,3.5,3.5
blocked,5d442ba693066e00185a44d6,4,2.6666666666666665,76.38888888888889,1.0,3.5,3.5
blocked,5d442ba693066e00185a44d6,5,2.6666666666666665,75.66666666666667,0.9444444444444444,3.5,3.5
blocked,5d4c06c6a8d9fb001a1470d5,1,2.6666666666666665,78.61111111111111,0.6,3.5,3.5
blocked,5d4c06c6a8d9fb001a1470d5,2,2.6666666666666665,72.65277777777777,0.8194444444444444,3.5,3.5
blocked,5d4c06c6a8d9fb001a1470d5,3,2.6666666666666665,75.83333333333333,0.9259259259259259,3.5,3.5
blocked,5d4c06c6a8d9fb001a1470d5,4,2.6666666666666665,75.13888888888889,0.9444444444444444,3.5,3.5
blocked,5d4c06c6a8d9fb001a1470d5,5,2.6666666666666665,71.05555555555556,0.9444444444444444,3.5,3.5
blocked,5d5eca9f97f8b6001aee9594,1,2.6666666666666665,76.65555555555555,0.6,3.5,3.5
blocked,5d5eca9f97f8b6001aee9594,2,2.6666666666666665,75.08333333333333,0.8194444444444444,3.5,3.5
blocked,5d5eca9f97f8b6001aee9594,3,2.6666666666666665,75.79629629629629,0.8518518518518519,3.5,3.5
blocked,5d5eca9f97f8b6001aee9594,4,2.6666666666666665,77.80555555555556,0.9166666666666666,3.5,3.5
blocked,5d5eca9f97f8b6001aee9594,5,2.6666666666666665,65.88888888888889,0.9444444444444444,3.5,3.5
blocked,5d95dfca33f8930017e85486,1,2.6666666666666665,73.81111111111112,0.6,3.5,3.5
blocked,5d95dfca33f8930017e85486,2,2.6666666666666665,75.13888888888889,0.75,3.5,3.5
blocked,5d95dfca33f8930017e85486,3,2.6666666666666665,78.87037037037037,0.8518518518518519,3.5,3.5
blocked,5d95dfca33f8930017e85486,4,2.6666666666666665,75.52777777777777,0.9722222222222222,3.5,3.5
blocked,5d95dfca33f8930017e85486,5,2.6666666666666665,75.22222222222223,0.8888888888888888,3.5,3.5
blocked,5e380457679e67000c56b02f,1,2.6666666666666665,75.84444444444445,0.6,3.5,3.5
blocked,5e380457679e67000c56b02f,2,2.6666666666666665,75.70833333333333,0.7638888888888888,3.5,3.5
blocked,5e380457679e67000c56b02f,3,2.6666666666666665,76.46296296296296,0.9444444444444444,3.5,3.5
blocked,5e380457679e67000c56b02f,4,2.6666666666666665,71.47222222222223,0.9444444444444444,3.5,3.5
blocked,5e380457679e67000c56b02f,5,2.6666666666666665,78.11111111111111,1.0,3.5,3.5
blocked,5e5d9d83838bf30bd2a383b9,1,2.6666666666666665,74.85555555555555,0.5666666666666667,3.5,3.5
blocked,5e5d9d83838bf30bd2a383b9,2,2.6666666666666665,74.80555555555556,0.6388888888888888,3.5,3.5
blocked,5e5d9d83838bf30bd2a383b9,3,2.6666666666666665,75.25925925925925,0.5740740740740741,3.5,3.5
blocked,5e5d9d83838bf30bd2a383b9,4,2.6666666666666665,77.47222222222223,0.7777777777777778,3.5,3.5
blocked,5e5d9d83838bf30bd2a383b9,5,2.6666666666666665,78.27777777777777,0.7777777777777778,3.5,3.5
blocked,5e831dfa79f7fb000c708f84,1,2.6666666666666665,74.42222222222222,0.5111111111111111,3.5,3.5
blocked,5e831dfa79f7fb000c708f84,2,2.6666666666666665,75.80555555555556,0.6666666666666666,3.5,3.5
blocked,5e831dfa79f7fb000c708f84,3,2.6666666666666665,78.12962962962963,0.6851851851851852,3.5,3.5
blocked,5e831dfa79f7fb000c708f84,4,2.6666666666666665,73.83333333333333,0.7777777777777778,3.5,3.5
blocked,5e831dfa79f7fb000c708f84,5,2.6666666666666665,75.11111111111111,1.0,3.5,3.5
blocked,5ea81f48037f2805ca7af68a,1,2.6666666666666665,75.54444444444445,0.5333333333333333,3.5,3.5
blocked,5ea81f48037f2805ca7af68a,2,2.6666666666666665,75.66666666666667,0.6944444444444444,3.5,3.5
blocked,5ea81f48037f2805ca7af68a,3,2.6666666666666665,76.62962962962963,0.6481481481481481,3.5,3.5
blocked,5ea81f48037f2805ca7af68a,4,2.6666666666666665,75.02777777777777,0.8333333333333334,3.5,3.5
blocked,5ea81f48037f2805ca7af68a,5,2.6666666666666665,72.16666666666667,0.7777777777777778,3.5,3.5
blocked,5ea964c06e16ad03e6902d45,1,2.6666666666666665,74.14444444444445,0.6444444444444445,3.5,3.5
blocked,5ea964c06e16ad03e6902d45,2,2.6666666666666665,78.72222222222223,0.7638888888888888,3.5,3.5
blocked,5ea964c06e16ad03e6902d45,3,2.6666666666666665,76.22222222222223,0.8703703703703703,3.5,3.5
blocked,5ea964c06e16ad03e6902d45,4,2.6666666666666665,74.16666666666667,1.0,3.5,3.5
blocked,5ea964c06e16ad03e6902d45,5,2.6666666666666665,69.88888888888889,0.9444444444444444,3.5,3.5
blocked,5edf8803c008532459792282,1,2.6666666666666665,74.46666666666667,0.7666666666666667,3.5,3.5
blocked,5edf8803c008532459792282,2,2.6666666666666665,75.73611111111111,0.8888888888888888,3.5,3.5
blocked,5edf8803c008532459792282,3,2.6666666666666665,77.20370370370371,0.9814814814814815,3.5,3.5
blocked,5edf8803c008532459792282,4,2.6666666666666665,77.58333333333333,1.0,3.5,3.5
blocked,5edf8803c008532459792282,5,2.6666666666666665,70.44444444444444,0.9444444444444444,3.5,3.5
blocked,5eeb6965645c11097b4bae82,1,2.6666666666666665,75.73333333333333,0.5555555555555556,3.5,3.5
blocked,5eeb6965645c11097b4bae82,2,2.6666666666666665,77.75,0.6388888888888888,3.5,3.5
blocked,5eeb6965645c11097b4bae82,3,2.6666666666666665,75.35185185185185,0.7407407407407407,3.5,3.5
blocked,5eeb6965645c11097b4bae82,4,2.6666666666666665,72.30555555555556,0.8888888888888888,3.5,3.5
blocked,5eeb6965645c11097b4bae82,5,2.6666666666666665,72.16666666666667,0.8888888888888888,3.5,3.5
blocked,5efcb50255a06b097b8d5d29,1,2.6666666666666665,74.97777777777777,0.6,3.5,3.5
blocked,5efcb50255a06b097b8d5d29,2,2.6666666666666665,75.73611111111111,0.7361111111111112,3.5,3.5
blocked,5efcb50255a06b097b8d5d29,3,2.6666666666666665,76.27777777777777,0.7777777777777778,3.5,3.5
blocked,5efcb50255a06b097b8d5d29,4,2.6666666666666665,74.77777777777777,0.75,3.5,3.5
blocked,5efcb50255a06b097b8d5d29,5,2.6666666666666665,76.27777777777777,0.9444444444444444,3.5,3.5
blocked,5f0ae85ed1a1d801cf4e8106,1,2.6666666666666665,77.18888888888888,0.6222222222222222,3.5,3.5
blocked,5f0ae85ed1a1d801cf4e8106,2,2.6666666666666665,73.52777777777777,0.7083333333333334,3.5,3.5
blocked,5f0ae85ed1a1d801cf4e8106,3,2.6666666666666665,75.01851851851852,0.8148148148148148,3.5,3.5
blocked,5f0ae85ed1a1d801cf4e8106,4,2.6666666666666665,77.47222222222223,0.8333333333333334,3.5,3.5
blocked,5f0ae85ed1a1d801cf4e8106,5,2.6666666666666665,72.44444444444444,0.8333333333333334,3.5,3.5
blocked,5f0b339b48213f430a2e548d,1,2.6666666666666665,76.38888888888889,0.6222222222222222,3.5,3.5
blocked,5f0b339b48213f430a2e548d,2,2.6666666666666665,73.95833333333333,0.8194444444444444,3.5,3.5
blocked,5f0b339b48213f430a2e548d,3,2.6666666666666665,74.46296296296296,0.9444444444444444,3.5,3.5
blocked,5f0b339b48213f430a2e548d,4,2.6666666666666665,79.5,0.9166666666666666,3.5,3.5
blocked,5f0b339b48213f430a2e548d,5,2.6666666666666665,72.33333333333333,0.9444444444444444,3.5,3.5
blocked,5f46c67a25a21808e955969a,1,2.6666666666666665,76.43333333333334,0.5777777777777777,3.5,3.5
blocked,5f46c67a25a21808e955969a,2,2.6666666666666665,74.98611111111111,0.8055555555555556,3.5,3.5
blocked,5f46c67a25a21808e955969a,3,2.6666666666666665,77.46296296296296,0.8148148148148148,3.5,3.5
blocked,5f46c67a25a21808e955969a,4,2.6666666666666665,71.16666666666667,0.7777777777777778,3.5,3.5
blocked,5f46c67a25a21808e955969a,5,2.6666666666666665,75.66666666666667,0.9444444444444444,3.5,3.5
blocked,5f479b66ccae1c18c6c17105,1,2.6666666666666665,76.64444444444445,0.5444444444444444,3.5,3.5
blocked,5f479b66ccae1c18c6c17105,2,2.6666666666666665,76.16666666666667,0.5416666666666666,3.5,3.5
blocked,5f479b66ccae1c18c6c17105,3,2.6666666666666665,77.25925925925925,0.6666666666666666,3.5,3.5
blocked,5f479b66ccae1c18c6c17105,4,2.6666666666666665,72.80555555555556,0.5833333333333334,3.5,3.5
blocked,5f479b66ccae1c18c6c17105,5,2.6666666666666665,67.22222222222223,0.6111111111111112,3.5,3.5
blocked,5f49fd29edde0c564e9f83c6,1,2.6666666666666665,76.42222222222222,0.6666666666666666,3.5,3.5
blocked,5f49fd29edde0c564e9f83c6,2,2.6666666666666665,72.02777777777777,0.8333333333333334,3.5,3.5
blocked,5f49fd29edde0c564e9f83c6,3,2.6666666666666665,75.83333333333333,0.9074074074074074,3.5,3.5
blocked,5f49fd29edde0c564e9f83c6,4,2.6666666666666665,76.88888888888889,0.9166666666666666,3.5,3.5
blocked,5f49fd29edde0c564e9f83c6,5,2.6666666666666665,81.0,0.9444444444444444,3.5,3.5
blocked,5f4f43e2d2f0c1191357174c,1,2.6666666666666665,74.24444444444444,0.6555555555555556,3.5,3.5
blocked,5f4f43e2d2f0c1191357174c,2,2.6666666666666665,76.625,0.9027777777777778,3.5,3.5
blocked,5f4f43e2d2f0c1191357174c,3,2.6666666666666665,76.42592592592592,0.9259259259259259,3.5,3.5
blocked,5f4f43e2d2f0c1191357174c,4,2.6666666666666665,76.63888888888889,0.9166666666666666,3.5,3.5
blocked,5f4f43e2d2f0c1191357174c,5,2.6666666666666665,72.22222222222223,1.0,3.5,3.5
blocked,5f50df740cd9d52780816cca,1,2.6666666666666665,76.94444444444444,0.5333333333333333,3.5,3.5
blocked,5f50df740cd9d52780816cca,2,2.6666666666666665,73.31944444444444,0.7222222222222222,3.5,3.5
blocked,5f50df740cd9d52780816cca,3,2.6666666666666665,73.68518518518519,0.8703703703703703,3.5,3.5
blocked,5f50df740cd9d52780816cca,4,2.6666666666666665,77.47222222222223,0.9722222222222222,3.5,3.5
blocked,5f50df740cd9d52780816cca,5,2.6666666666666665,78.5,1.0,3.5,3.5
blocked,5f588f227723ca000cc5e08f,1,2.6666666666666665,74.56666666666666,0.6777777777777778,3.5,3.5
blocked,5f588f227723ca000cc5e08f,2,2.6666666666666665,76.58333333333333,0.8194444444444444,3.5,3.5
blocked,5f588f227723ca000cc5e08f,3,2.6666666666666665,77.33333333333333,0.9074074074074074,3.5,3.5
blocked,5f588f227723ca000cc5e08f,4,2.6285714285714286,74.6,0.9428571428571428,3.4285714285714284,3.4571428571428573
blocked,5f588f227723ca000cc5e08f,5,2.6666666666666665,71.38888888888889,0.9444444444444444,3.5,3.5
blocked,5f78a12acd4a784585c83337,1,2.6666666666666665,77.17777777777778,0.6,3.5,3.5
blocked,5f78a12acd4a784585c83337,2,2.6666666666666665,72.01388888888889,0.8194444444444444,3.5,3.5
blocked,5f78a12acd4a784585c83337,3,2.6666666666666665,75.66666666666667,0.9629629629629629,3.5,3.5
blocked,5f78a12acd4a784585c83337,4,2.6666666666666665,77.02777777777777,0.9166666666666666,3.5,3.5
blocked,5f78a12acd4a784585c83337,5,2.6666666666666665,77.5,0.8888888888888888,3.5,3.5
blocked,5f8e7920ad6b0d2568a61628,1,2.6666666666666665,76.76666666666667,0.6111111111111112,3.5,3.5
blocked,5f8e7920ad6b0d2568a61628,2,2.6666666666666665,71.75,0.7638888888888888,3.5,3.5
blocked,5f8e7920ad6b0d2568a61628,3,2.6666666666666665,75.51851851851852,0.8703703703703703,3.5,3.5
blocked,5f8e7920ad6b0d2568a61628,4,2.6666666666666665,80.72222222222223,0.9444444444444444,3.5,3.5
blocked,5f8e7920ad6b0d2568a61628,5,2.6666666666666665,73.66666666666667,0.8888888888888888,3.5,3.5
blocked,5f9197ba39d009000b3d9268,1,2.662921348314607,72.93258426966293,0.5393258426966292,3.49438202247191,3.5168539325842696
blocked,5f9197ba39d009000b3d9268,2,2.6666666666666665,77.84722222222223,0.5277777777777778,3.5,3.5
blocked,5f9197ba39d009000b3d9268,3,2.6666666666666665,74.77777777777777,0.7777777777777778,3.5,3.5
blocked,5f9197ba39d009000b3d9268,4,2.6666666666666665,78.36111111111111,0.6111111111111112,3.5,3.5
blocked,5f9197ba39d009000b3d9268,5,2.6666666666666665,74.55555555555556,0.6666666666666666,3.5,3.5
blocked,5f97f80e8279d602b5dfd6b1,1,2.6666666666666665,75.21111111111111,0.6111111111111112,3.5,3.5
blocked,5f97f80e8279d602b5dfd6b1,2,2.6666666666666665,75.95833333333333,0.8333333333333334,3.5,3.5
blocked,5f97f80e8279d602b5dfd6b1,3,2.6666666666666665,73.62962962962963,0.9444444444444444,3.5,3.5
blocked,5f97f80e8279d602b5dfd6b1,4,2.6666666666666665,79.16666666666667,0.9722222222222222,3.5,3.5
blocked,5f97f80e8279d602b5dfd6b1,5,2.6666666666666665,73.38888888888889,0.9444444444444444,3.5,3.5
blocked,5fae30cda7efa227b8d84b72,1,2.6666666666666665,75.7,0.6,3.5,3.5
blocked,5fae30cda7efa227b8d84b72,2,2.6666666666666665,74.61111111111111,0.6388888888888888,3.5,3.5
blocked,5fae30cda7efa227b8d84b72,3,2.6666666666666665,77.29629629629629,0.7962962962962963,3.5,3.5
blocked,5fae30cda7efa227b8d84b72,4,2.6666666666666665,73.44444444444444,0.8333333333333334,3.5,3.5
blocked,5fae30cda7efa227b8d84b72,5,2.6666666666666665,76.77777777777777,0.8333333333333334,3.5,3.5
blocked,5fc78656c7368206ab1c5174,1,2.6666666666666665,73.96666666666667,0.5888888888888889,3.5,3.5
blocked,5fc78656c7368206ab1c5174,2,2.6666666666666665,79.55555555555556,0.8333333333333334,3.5,3.5
blocked,5fc78656c7368206ab1c5174,3,2.6666666666666665,72.07407407407408,0.7962962962962963,3.5,3.5
blocked,5fc78656c7368206ab1c5174,4,2.6666666666666665,78.94444444444444,0.9444444444444444,3.5,3.5
blocked,5fc78656c7368206ab1c5174,5,2.6666666666666665,70.33333333333333,0.8888888888888888,3.5,3.5
blocked,5fd6303361f8c14cb485a447,1,2.6666666666666665,78.46666666666667,0.7,3.5,3.5
blocked,5fd6303361f8c14cb485a447,2,2.6666666666666665,73.02777777777777,0.875,3.5,3.5
blocked,5fd6303361f8c14cb485a447,3,2.6666666666666665,75.0,0.9259259259259259,3.5,3.5
blocked,5fd6303361f8c14cb485a447,4,2.6666666666666665,71.66666666666667,0.9444444444444444,3.5,3.5
blocked,5fd6303361f8c14cb485a447,5,2.6666666666666665,79.72222222222223,1.0,3.5,3.5
blocked,5fe848f115b59b69cf9b06b6,1,2.6666666666666665,75.84444444444445,0.5111111111111111,3.5,3.5
blocked,5fe848f115b59b69cf9b06b6,2,2.6666666666666665,73.27777777777777,0.7083333333333334,3.5,3.5
blocked,5fe848f115b59b69cf9b06b6,3,2.6666666666666665,73.88888888888889,0.7777777777777778,3.5,3.5
blocked,5fe848f115b59b69cf9b06b6,4,2.6666666666666665,78.36111111111111,0.8333333333333334,3.5,3.5
blocked,5fe848f115b59b69cf9b06b6,5,2.6666666666666665,81.77777777777777,0.8888888888888888,3.5,3.5
blocked,5fea380c6d65c5a2c35295c7,1,2.6666666666666665,76.83333333333333,0.6111111111111112,3.5,3.5
blocked,5fea380c6d65c5a2c35295c7,2,2.6666666666666665,74.20833333333333,0.7083333333333334,3.5,3.5
blocked,5fea380c6d65c5a2c35295c7,3,2.6666666666666665,75.29629629629629,0.8148148148148148,3.5,3.5
blocked,5fea380c6d65c5a2c35295c7,4,2.6666666666666665,75.0,0.8055555555555556,3.5,3.5
blocked,5fea380c6d65c5a2c35295c7,5,2.6666666666666665,75.61111111111111,0.9444444444444444,3.5,3.5
blocked,5ff0e5622178d14ee91e938a,1,2.6666666666666665,78.08888888888889,0.6555555555555556,3.5,3.5
blocked,5ff0e5622178d14ee91e938a,2,2.6666666666666665,74.70833333333333,0.5694444444444444,3.5,3.5
blocked,5ff0e5622178d14ee91e938a,3,2.6666666666666665,71.01851851851852,0.7592592592592593,3.5,3.5
blocked,5ff0e5622178d14ee91e938a,4,2.6666666666666665,74.05555555555556,0.7777777777777778,3.5,3.5
blocked,5ff0e5622178d14ee91e938a,5,2.6666666666666665,82.05555555555556,0.8333333333333334,3.5,3.5
blocked,5ffd80c185e28327669b51f5,1,2.647727272727273,76.20454545454545,0.5909090909090909,3.5,3.5
blocked,5ffd80c185e28327669b51f5,2,2.6666666666666665,77.59722222222223,0.6527777777777778,3.5,3.5
blocked,5ffd80c185e28327669b51f5,3,2.6666666666666665,75.05555555555556,0.6481481481481481,3.5,3.5
blocked,5ffd80c185e28327669b51f5,4,2.6666666666666665,73.91666666666667,0.7222222222222222,3.5,3.5
blocked,5ffd80c185e28327669b51f5,5,2.588235294117647,76.41176470588235,0.7647058823529411,3.3529411764705883,3.3529411764705883
blocked,6016bbe3a28c6014fd3236b8,1,2.6666666666666665,75.77777777777777,0.5888888888888889,3.5,3.5
blocked,6016bbe3a28c6014fd3236b8,2,2.6666666666666665,73.29166666666667,0.7083333333333334,3.5,3.5
blocked,6016bbe3a28c6014fd3236b8,3,2.6666666666666665,79.77777777777777,0.8148148148148148,3.5,3.5
blocked,6016bbe3a28c6014fd3236b8,4,2.6666666666666665,75.08333333333333,0.9722222222222222,3.5,3.5
blocked,6016bbe3a28c6014fd3236b8,5,2.6666666666666665,70.94444444444444,0.8888888888888888,3.5,3.5
blocked,60172619600dc1955ba05f5c,1,2.6666666666666665,77.05555555555556,0.6,3.5,3.5
blocked,60172619600dc1955ba05f5c,2,2.6666666666666665,73.01388888888889,0.7361111111111112,3.5,3.5
blocked,60172619600dc1955ba05f5c,3,2.6666666666666665,77.44444444444444,0.8333333333333334,3.5,3.5
blocked,60172619600dc1955ba05f5c,4,2.6666666666666665,73.5,0.7777777777777778,3.5,3.5
blocked,60172619600dc1955ba05f5c,5,2.6666666666666665,75.83333333333333,0.6666666666666666,3.5,3.5
blocked,6022d52a41138f0a5a73d330,1,2.6666666666666665,77.58888888888889,0.5777777777777777,3.5,3.5
blocked,6022d52a41138f0a5a73d330,2,2.6666666666666665,72.02777777777777,0.6944444444444444,3.5,3.5
blocked,6022d52a41138f0a5a73d330,3,2.6666666666666665,74.66666666666667,0.8703703703703703,3.5,3.5
blocked,6022d52a41138f0a5a73d330,4,2.6666666666666665,79.25,1.0,3.5,3.5
blocked,6022d52a41138f0a5a73d330,5,2.6666666666666665,73.94444444444444,0.9444444444444444,3.5,3.5
blocked,6023cb37c452c802d4092a35,1,2.662921348314607,73.46067415730337,0.550561797752809,3.5280898876404496,3.4831460674157304
blocked,6023cb37c452c802d4092a35,2,2.6666666666666665,78.91666666666667,0.7361111111111112,3.5,3.5
blocked,6023cb37c452c802d4092a35,3,2.6666666666666665,74.20370370370371,0.9074074074074074,3.5,3.5
blocked,6023cb37c452c802d4092a35,4,2.6666666666666665,74.63888888888889,0.8888888888888888,3.5,3.5
blocked,6023cb37c452c802d4092a35,5,2.6666666666666665,78.11111111111111,1.0,3.5,3.5
blocked,602d2adcef81ce6b843da09b,1,2.6666666666666665,74.92222222222222,0.5888888888888889,3.5,3.5
blocked,602d2adcef81ce6b843da09b,2,2.6666666666666665,76.73611111111111,0.7638888888888888,3.5,3.5
blocked,602d2adcef81ce6b843da09b,3,2.6666666666666665,76.75925925925925,0.8888888888888888,3.5,3.5
blocked,602d2adcef81ce6b843da09b,4,2.6666666666666665,73.88888888888889,1.0,3.5,3.5
blocked,602d2adcef81ce6b843da09b,5,2.6666666666666665,72.88888888888889,1.0,3.5,3.5
blocked,60407d08a1523627f8428de6,1,2.6666666666666665,74.9888888888889,0.5111111111111111,3.5,3.5
blocked,60407d08a1523627f8428de6,2,2.6666666666666665,75.0,0.6111111111111112,3.5,3.5
blocked,60407d08a1523627f8428de6,3,2.6666666666666665,76.4074074074074,0.7037037037037037,3.5,3.5
blocked,60407d08a1523627f8428de6,4,2.6666666666666665,78.41666666666667,0.5833333333333334,3.5,3.5
blocked,60407d08a1523627f8428de6,5,2.6666666666666665,71.5,0.6111111111111112,3.5,3.5
blocked,605de3af48d7a575adb95b09,1,2.6666666666666665,75.4,0.5555555555555556,3.5,3.5
blocked,605de3af48d7a575adb95b09,2,2.6666666666666665,75.52777777777777,0.8333333333333334,3.5,3.5
blocked,605de3af48d7a575adb95b09,3,2.6666666666666665,73.12962962962963,0.9074074074074074,3.5,3.5
blocked,605de3af48d7a575adb95b09,4,2.6666666666666665,77.88888888888889,0.9166666666666666,3.5,3.5
blocked,605de3af48d7a575adb95b09,5,2.6666666666666665,78.22222222222223,1.0,3.5,3.5
blocked,60662064c4e2b814215e6890,1,2.6666666666666665,75.36666666666666,0.5,3.5,3.5
blocked,60662064c4e2b814215e6890,2,2.6666666666666665,78.30555555555556,0.5694444444444444,3.5,3.5
blocked,60662064c4e2b814215e6890,3,2.6666666666666665,75.61111111111111,0.6481481481481481,3.5,3.5
blocked,60662064c4e2b814215e6890,4,2.6666666666666665,69.5,0.6666666666666666,3.5,3.5
blocked,60662064c4e2b814215e6890,5,2.6666666666666665,76.61111111111111,0.8888888888888888,3.5,3.5
blocked,606dea112436631b694c56ad,1,2.6666666666666665,74.45555555555555,0.6222222222222222,3.5,3.5
blocked,606dea112436631b694c56ad,2,2.6666666666666665,77.58333333333333,0.7638888888888888,3.5,3.5
blocked,606dea112436631b694c56ad,3,2.6666666666666665,74.01851851851852,0.8518518518518519,3.5,3.5
blocked,606dea112436631b694c56ad,4,2.6666666666666665,77.41666666666667,1.0,3.5,3.5
blocked,606dea112436631b694c56ad,5,2.6666666666666665,73.0,1.0,3.5,3.5
blocked,60756f9e9d9d92237b1cc691,1,2.6666666666666665,74.85555555555555,0.5222222222222223,3.5,3.5
blocked,60756f9e9d9d92237b1cc691,2,2.6666666666666665,76.23611111111111,0.6388888888888888,3.5,3.5
blocked,60756f9e9d9d92237b1cc691,3,2.6666666666666665,75.01851851851852,0.6296296296296297,3.5,3.5
blocked,60756f9e9d9d92237b1cc691,4,2.6666666666666665,75.05555555555556,0.6111111111111112,3.5,3.5
blocked,60756f9e9d9d92237b1cc691,5,2.6666666666666665,78.11111111111111,0.7222222222222222,3.5,3.5
blocked,608b445691f3225d81ca0f02,1,2.6666666666666665,77.16666666666667,0.6,3.5,3.5
blocked,608b445691f3225d81ca0f02,2,2.6666666666666665,74.77777777777777,0.7222222222222222,3.5,3.5
blocked,608b445691f3225d81ca0f02,3,2.6666666666666665,74.94444444444444,0.7962962962962963,3.5,3.5
blocked,608b445691f3225d81ca0f02,4,2.6666666666666665,74.16666666666667,0.8333333333333334,3.5,3.5
blocked,608b445691f3225d81ca0f02,5,2.6666666666666665,74.38888888888889,0.8888888888888888,3.5,3.5
blocked,608fad5ef7c5dc389d357601,1,2.6666666666666665,74.8,0.5555555555555556,3.5,3.5
blocked,608fad5ef7c5dc389d357601,2,2.6666666666666665,77.77777777777777,0.6944444444444444,3.5,3.5
blocked,608fad5ef7c5dc389d357601,3,2.6666666666666665,76.72222222222223,0.6666666666666666,3.5,3.5
blocked,608fad5ef7c5dc389d357601,4,2.6666666666666665,75.19444444444444,0.75,3.5,3.5
blocked,608fad5ef7c5dc389d357601,5,2.6666666666666665,66.83333333333333,0.9444444444444444,3.5,3.5
blocked,6090755b3aebf491674a5e86,1,2.6666666666666665,73.82222222222222,0.5555555555555556,3.5,3.5
blocked,6090755b3aebf491674a5e86,2,2.6666666666666665,73.75,0.75,3.5,3.5
blocked,6090755b3aebf491674a5e86,3,2.6666666666666665,78.87037037037037,0.8148148148148148,3.5,3.5
blocked,6090755b3aebf491674a5e86,4,2.6666666666666665,78.33333333333333,0.8888888888888888,3.5,3.5
blocked,6090755b3aebf491674a5e86,5,2.6666666666666665,75.11111111111111,0.9444444444444444,3.5,3.5
blocked,6094f14e5f0014a68821c2c1,1,2.6666666666666665,75.14444444444445,0.5777777777777777,3.5,3.5
blocked,6094f14e5f0014a68821c2c1,2,2.6666666666666665,77.125,0.7777777777777778,3.5,3.5
blocked,6094f14e5f0014a68821c2c1,3,2.6666666666666665,77.01851851851852,0.8888888888888888,3.5,3.5
blocked,6094f14e5f0014a68821c2c1,4,2.6666666666666665,75.38888888888889,1.0,3.5,3.5
blocked,6094f14e5f0014a68821c2c1,5,2.6666666666666665,66.44444444444444,0.9444444444444444,3.5,3.5
blocked,609d8a9bcd1d366a1e6e7148,1,2.6666666666666665,75.27777777777777,0.8111111111111111,3.5,3.5
blocked,609d8a9bcd1d366a1e6e7148,2,2.6666666666666665,76.56944444444444,0.8472222222222222,3.5,3.5
blocked,609d8a9bcd1d366a1e6e7148,3,2.6666666666666665,73.31481481481481,0.9814814814814815,3.5,3.5
blocked,609d8a9bcd1d366a1e6e7148,4,2.6666666666666665,79.47222222222223,0.9166666666666666,3.5,3.5
blocked,609d8a9bcd1d366a1e6e7148,5,2.6666666666666665,70.94444444444444,0.9444444444444444,3.5,3.5
blocked,60a2f63edb72812b711ba128,1,2.6666666666666665,76.73333333333333,0.6555555555555556,3.5,3.5
blocked,60a2f63edb72812b711ba128,2,2.6666666666666665,75.40277777777777,0.8472222222222222,3.5,3.5
blocked,60a2f63edb72812b711ba128,3,2.6666666666666665,73.4074074074074,0.9444444444444444,3.5,3.5
blocked,60a2f63edb72812b711ba128,4,2.6666666666666665,76.75,1.0,3.5,3.5
blocked,60a2f63edb72812b711ba128,5,2.6666666666666665,73.5,0.8888888888888888,3.5,3.5
blocked,60b411574a94f184e4412508,1,2.6666666666666665,74.2,0.6666666666666666,3.5,3.5
blocked,60b411574a94f184e4412508,2,2.6666666666666665,77.08333333333333,0.75,3.5,3.5
blocked,60b411574a94f184e4412508,3,2.6666666666666665,76.77777777777777,0.8333333333333334,3.5,3.5
blocked,60b411574a94f184e4412508,4,2.6666666666666665,74.25,0.8888888888888888,3.5,3.5
blocked,60b411574a94f184e4412508,5,2.6666666666666665,74.33333333333333,0.8888888888888888,3.5,3.5
blocked,60b7a01b6e132a6ed8c92b8d,1,2.6666666666666665,76.47777777777777,0.5777777777777777,3.5,3.5
blocked,60b7a01b6e132a6ed8c92b8d,2,2.6666666666666665,74.22222222222223,0.6666666666666666,3.5,3.5
blocked,60b7a01b6e132a6ed8c92b8d,3,2.6666666666666665,74.9074074074074,0.7777777777777778,3.5,3.5
blocked,60b7a01b6e132a6ed8c92b8d,4,2.6666666666666665,76.13888888888889,0.8888888888888888,3.5,3.5
blocked,60b7a01b6e132a6ed8c92b8d,5,2.6666666666666665,76.22222222222223,1.0,3.5,3.5
blocked,60b7e1bcfe148de04d17624b,1,2.6666666666666665,77.61111111111111,0.5888888888888889,3.5,3.5
blocked,60b7e1bcfe148de04d17624b,2,2.6666666666666665,74.69444444444444,0.8888888888888888,3.5,3.5
blocked,60b7e1bcfe148de04d17624b,3,2.6666666666666665,73.31481481481481,0.8703703703703703,3.5,3.5
blocked,60b7e1bcfe148de04d17624b,4,2.6666666666666665,75.69444444444444,0.9166666666666666,3.5,3.5
blocked,60b7e1bcfe148de04d17624b,5,2.6666666666666665,74.33333333333333,1.0,3.5,3.5
blocked,60b9f19d122c7adf0c37899c,1,2.6666666666666665,76.04444444444445,0.5555555555555556,3.5,3.5
blocked,60b9f19d122c7adf0c37899c,2,2.6666666666666665,76.01388888888889,0.7777777777777778,3.5,3.5
blocked,60b9f19d122c7adf0c37899c,3,2.6666666666666665,73.35185185185185,0.7962962962962963,3.5,3.5
blocked,60b9f19d122c7adf0c37899c,4,2.6666666666666665,75.16666666666667,0.7777777777777778,3.5,3.5
blocked,60b9f19d122c7adf0c37899c,5,2.6666666666666665,77.83333333333333,0.8333333333333334,3.5,3.5
blocked,60c1f0e3708c6bcc65473102,1,2.6666666666666665,73.1,0.5888888888888889,3.5,3.5
blocked,60c1f0e3708c6bcc65473102,2,2.6666666666666665,79.47222222222223,0.625,3.5,3.5
blocked,60c1f0e3708c6bcc65473102,3,2.6666666666666665,74.57407407407408,0.7037037037037037,3.5,3.5
blocked,60c1f0e3708c6bcc65473102,4,2.6666666666666665,77.33333333333333,0.6666666666666666,3.5,3.5
blocked,60c1f0e3708c6bcc65473102,5,2.6666666666666665,70.72222222222223,0.6666666666666666,3.5,3.5
blocked,60c3c8f790736ad8d329816b,1,2.6666666666666665,74.95555555555555,0.6333333333333333,3.5,3.5
blocked,60c3c8f790736ad8d329816b,2,2.6666666666666665,76.52777777777777,0.7916666666666666,3.5,3.5
blocked,60c3c8f790736ad8d329816b,3,2.6666666666666665,73.62962962962963,0.9629629629629629,3.5,3.5
blocked,60c3c8f790736ad8d329816b,4,2.6666666666666665,76.41666666666667,0.9722222222222222,3.5,3.5
blocked,60c3c8f790736ad8d329816b,5,2.6666666666666665,77.88888888888889,0.9444444444444444,3.5,3.5
blocked,60de4cc94dfda4d9e1948e6d,1,2.6666666666666665,77.54444444444445,0.6777777777777778,3.5,3.5
blocked,60de4cc94dfda4d9e1948e6d,2,2.6666666666666665,77.25,0.6944444444444444,3.5,3.5
blocked,60de4cc94dfda4d9e1948e6d,3,2.6666666666666665,72.18518518518519,0.7407407407407407,3.5,3.5
blocked,60de4cc94dfda4d9e1948e6d,4,2.6666666666666665,73.55555555555556,0.8611111111111112,3.5,3.5
blocked,60de4cc94dfda4d9e1948e6d,5,2.6666666666666665,72.11111111111111,1.0,3.5,3.5
blocked,60e4b0afe802caf0d246a002,1,2.6666666666666665,76.21111111111111,0.5888888888888889,3.5,3.5
blocked,60e4b0afe802caf0d246a002,2,2.6666666666666665,77.125,0.7083333333333334,3.5,3.5
blocked,60e4b0afe802caf0d246a002,3,2.6666666666666665,73.29629629629629,0.8333333333333334,3.5,3.5
blocked,60e4b0afe802caf0d246a002,4,2.6666666666666665,72.5,0.9166666666666666,3.5,3.5
blocked,60e4b0afe802caf0d246a002,5,2.6666666666666665,78.05555555555556,1.0,3.5,3.5
blocked,60f6f802c0ede08f7cf69720,1,2.6666666666666665,76.94444444444444,0.5666666666666667,3.5,3.5
blocked,60f6f802c0ede08f7cf69720,2,2.6666666666666665,72.30555555555556,0.6805555555555556,3.5,3.5
blocked,60f6f802c0ede08f7cf69720,3,2.6666666666666665,77.16666666666667,0.7037037037037037,3.5,3.5
blocked,60f6f802c0ede08f7cf69720,4,2.6666666666666665,77.02777777777777,0.8333333333333334,3.5,3.5
blocked,60f6f802c0ede08f7cf69720,5,2.6666666666666665,73.0,0.9444444444444444,3.5,3.5
blocked,60f9425c7cd7f5e12ccd1b9b,1,2.6666666666666665,75.45555555555555,0.6555555555555556,3.5,3.5
blocked,60f9425c7cd7f5e12ccd1b9b,2,2.6666666666666665,74.01388888888889,0.7361111111111112,3.5,3.5
blocked,60f9425c7cd7f5e12ccd1b9b,3,2.6666666666666665,81.12962962962963,0.8888888888888888,3.5,3.5
blocked,60f9425c7cd7f5e12ccd1b9b,4,2.6666666666666665,73.33333333333333,0.8333333333333334,3.5,3.5
blocked,60f9425c7cd7f5e12ccd1b9b,5,2.6666666666666665,69.11111111111111,0.9444444444444444,3.5,3.5
blocked,611185b202b19cd1deae11e1,1,2.6666666666666665,77.37777777777778,0.5666666666666667,3.5,3.5
blocked,611185b202b19cd1deae11e1,2,2.6666666666666665,76.13888888888889,0.8055555555555556,3.5,3.5
blocked,611185b202b19cd1deae11e1,3,2.6666666666666665,74.79629629629629,0.8888888888888888,3.5,3.5
blocked,611185b202b19cd1deae11e1,4,2.6666666666666665,72.44444444444444,0.9444444444444444,3.5,3.5
blocked,611185b202b19cd1deae11e1,5,2.6666666666666665,71.77777777777777,1.0,3.5,3.5
blocked,6113d948bcb1f232c85bdcf3,1,2.6666666666666665,73.8,0.6666666666666666,3.5,3.5
blocked,6113d948bcb1f232c85bdcf3,2,2.6666666666666665,78.05555555555556,0.875,3.5,3.5
blocked,6113d948bcb1f232c85bdcf3,3,2.6666666666666665,75.55555555555556,0.9444444444444444,3.5,3.5
blocked,6113d948bcb1f232c85bdcf3,4,2.6666666666666665,76.11111111111111,0.9444444444444444,3.5,3.5
blocked,6113d948bcb1f232c85bdcf3,5,2.6666666666666665,72.38888888888889,0.9444444444444444,3.5,3.5
blocked,62714a240ed387f760f6741b,1,2.6666666666666665,76.91111111111111,0.6333333333333333,3.5,3.5
blocked,62714a240ed387f760f6741b,2,2.6666666666666665,73.05555555555556,0.7361111111111112,3.5,3.5
blocked,62714a240ed387f760f6741b,3,2.6666666666666665,73.07407407407408,0.7592592592592593,3.5,3.5
blocked,62714a240ed387f760f6741b,4,2.6666666666666665,81.61111111111111,0.8611111111111112,3.5,3.5
blocked,62714a240ed387f760f6741b,5,2.6666666666666665,73.27777777777777,0.9444444444444444,3.5,3.5
blocked,628f7669ee68aabf3930123b,1,2.6666666666666665,73.9,0.6555555555555556,3.5,3.5
blocked,628f7669ee68aabf3930123b,2,2.6666666666666665,76.86111111111111,0.8611111111111112,3.5,3.5
blocked,628f7669ee68aabf3930123b,3,2.6666666666666665,74.79629629629629,0.9259259259259259,3.5,3.5
blocked,628f7669ee68aabf3930123b,4,2.6666666666666665,79.33333333333333,0.9444444444444444,3.5,3.5
blocked,628f7669ee68aabf3930123b,5,2.6666666666666665,72.5,1.0,3.5,3.5
blocked,629e1422d8de28b42ae1a214,1,2.6666666666666665,74.16666666666667,0.6333333333333333,3.5,3.5
blocked,629e1422d8de28b42ae1a214,2,2.6666666666666665,77.02777777777777,0.75,3.5,3.5
blocked,629e1422d8de28b42ae1a214,3,2.6666666666666665,73.68518518518519,0.9259259259259259,3.5,3.5
blocked,629e1422d8de28b42ae1a214,4,2.6666666666666665,76.72222222222223,0.9166666666666666,3.5,3.5
blocked,629e1422d8de28b42ae1a214,5,2.6666666666666665,79.05555555555556,0.8888888888888888,3.5,3.5
blocked,62e2a17e9e237215b5554676,1,2.6666666666666665,77.45555555555555,0.6888888888888889,3.5,3.5
blocked,62e2a17e9e237215b5554676,2,2.6666666666666665,74.18055555555556,0.8888888888888888,3.5,3.5
blocked,62e2a17e9e237215b5554676,3,2.6666666666666665,77.11111111111111,0.9814814814814815,3.5,3.5
blocked,62e2a17e9e237215b5554676,4,2.6666666666666665,68.69444444444444,0.9722222222222222,3.5,3.5
blocked,62e2a17e9e237215b5554676,5,2.6666666666666665,79.77777777777777,1.0,3.5,3.5
blocked,6342d1cdc60c1743d86b5065,1,2.6666666666666665,73.93333333333334,0.5888888888888889,3.5,3.5
blocked,6342d1cdc60c1743d86b5065,2,2.6666666666666665,80.40277777777777,0.7083333333333334,3.5,3.5
blocked,6342d1cdc60c1743d86b5065,3,2.6666666666666665,75.24074074074075,0.8148148148148148,3.5,3.5
blocked,6342d1cdc60c1743d86b5065,4,2.6666666666666665,73.55555555555556,0.9444444444444444,3.5,3.5
blocked,6342d1cdc60c1743d86b5065,5,2.6666666666666665,68.38888888888889,0.8888888888888888,3.5,3.5
blocked,63b3071eb51f26037ce0bfb1,1,2.6666666666666665,74.02222222222223,0.6777777777777778,3.5,3.5
blocked,63b3071eb51f26037ce0bfb1,2,2.6666666666666665,76.97222222222223,0.8888888888888888,3.5,3.5
blocked,63b3071eb51f26037ce0bfb1,3,2.6666666666666665,74.68518518518519,0.8703703703703703,3.5,3.5
blocked,63b3071eb51f26037ce0bfb1,4,2.6666666666666665,73.83333333333333,0.9166666666666666,3.5,3.5
blocked,63b3071eb51f26037ce0bfb1,5,2.6666666666666665,82.77777777777777,0.9444444444444444,3.5,3.5
blocked,63cfeeae707bca4ddee3eb11,1,2.6666666666666665,76.43333333333334,0.5222222222222223,3.5,3.5
blocked,63cfeeae707bca4ddee3eb11,2,2.6666666666666665,76.48611111111111,0.6805555555555556,3.5,3.5
blocked,63cfeeae707bca4ddee3eb11,3,2.6666666666666665,76.53703703703704,0.8148148148148148,3.5,3.5
blocked,63cfeeae707bca4ddee3eb11,4,2.6666666666666665,71.86111111111111,0.9722222222222222,3.5,3.5
blocked,63cfeeae707bca4ddee3eb11,5,2.6666666666666665,71.05555555555556,0.8888888888888888,3.5,3.5
blocked,63cffe20bc797448bbef3633,1,2.6666666666666665,76.54444444444445,0.5666666666666667,3.5,3.5
blocked,63cffe20bc797448bbef3633,2,2.6666666666666665,74.33333333333333,0.7638888888888888,3.5,3.5
blocked,63cffe20bc797448bbef3633,3,2.6666666666666665,75.29629629629629,0.7962962962962963,3.5,3.5
blocked,63cffe20bc797448bbef3633,4,2.6666666666666665,80.5,0.8055555555555556,3.5,3.5
blocked,63cffe20bc797448bbef3633,5,2.6666666666666665,65.55555555555556,0.8888888888888888,3.5,3.5
blocked,63d15649dea892e4f6061f4f,1,2.6666666666666665,75.14444444444445,0.5444444444444444,3.5,3.5
blocked,63d15649dea892e4f6061f4f,2,2.6666666666666665,78.16666666666667,0.6111111111111112,3.5,3.5
blocked,63d15649dea892e4f6061f4f,3,2.6666666666666665,72.74074074074075,0.6481481481481481,3.5,3.5
blocked,63d15649dea892e4f6061f4f,4,2.6666666666666665,76.91666666666667,0.6388888888888888,3.5,3.5
blocked,63d15649dea892e4f6061f4f,5,2.6666666666666665,72.05555555555556,0.7222222222222222,3.5,3.5
blocked,63d19dda328a7722589796a3,1,2.6666666666666665,75.31111111111112,0.6333333333333333,3.5,3.5
blocked,63d19dda328a7722589796a3,2,2.6666666666666665,74.27777777777777,0.6805555555555556,3.5,3.5
blocked,63d19dda328a7722589796a3,3,2.6666666666666665,74.96296296296296,0.8703703703703703,3.5,3.5
blocked,63d19dda328a7722589796a3,4,2.6666666666666665,76.77777777777777,0.9166666666666666,3.5,3.5
blocked,63d19dda328a7722589796a3,5,2.6666666666666665,80.38888888888889,1.0,3.5,3.5
blocked,63d688c23553dbeed3f61e92,1,2.6666666666666665,74.2,0.7222222222222222,3.5,3.5
blocked,63d688c23553dbeed3f61e92,2,2.6666666666666665,74.63888888888889,0.7916666666666666,3.5,3.5
blocked,63d688c23553dbeed3f61e92,3,2.6666666666666665,79.5925925925926,0.9259259259259259,3.5,3.5
blocked,63d688c23553dbeed3f61e92,4,2.6666666666666665,74.38888888888889,0.9166666666666666,3.5,3.5
blocked,63d688c23553dbeed3f61e92,5,2.6666666666666665,75.38888888888889,1.0,3.5,3.5
blocked,63e51c2e943e72306dfa8cdc,1,2.6666666666666665,76.56666666666666,0.5666666666666667,3.5,3.5
blocked,63e51c2e943e72306dfa8cdc,2,2.6666666666666665,74.08333333333333,0.5416666666666666,3.5,3.5
blocked,63e51c2e943e72306dfa8cdc,3,2.6666666666666665,72.29629629629629,0.5370370370370371,3.5,3.5
blocked,63e51c2e943e72306dfa8cdc,4,2.6666666666666665,78.75,0.6388888888888888,3.5,3.5
blocked,63e51c2e943e72306dfa8cdc,5,2.6666666666666665,78.94444444444444,0.5,3.5,3.5
blocked,63e51d31a345fde2cafda252,1,2.6666666666666665,76.52222222222223,0.5555555555555556,3.5,3.5
blocked,63e51d31a345fde2cafda252,2,2.6666666666666665,75.18055555555556,0.8055555555555556,3.5,3.5
blocked,63e51d31a345fde2cafda252,3,2.6666666666666665,74.07407407407408,0.9814814814814815,3.5,3.5
blocked,63e51d31a345fde2cafda252,4,2.6666666666666665,76.69444444444444,0.9166666666666666,3.5,3.5
blocked,63e51d31a345fde2cafda252,5,2.6666666666666665,73.55555555555556,0.9444444444444444,3.5,3.5
blocked,63ea4151313771a945ff83b7,1,2.6666666666666665,75.04444444444445,0.6222222222222222,3.5,3.5
blocked,63ea4151313771a945ff83b7,2,2.6666666666666665,78.66666666666667,0.7777777777777778,3.5,3.5
blocked,63ea4151313771a945ff83b7,3,2.6666666666666665,75.66666666666667,0.8333333333333334,3.5,3.5
blocked,63ea4151313771a945ff83b7,4,2.6666666666666665,69.47222222222223,0.8888888888888888,3.5,3.5
blocked,63ea4151313771a945ff83b7,5,2.6666666666666665,76.66666666666667,1.0,3.5,3.5
blocked,63ea4a7fa7d709c8e7887a93,1,2.6666666666666665,76.9,0.6777777777777778,3.5,3.5
blocked,63ea4a7fa7d709c8e7887a93,2,2.6666666666666665,76.70833333333333,0.8333333333333334,3.5,3.5
blocked,63ea4a7fa7d709c8e7887a93,3,2.6666666666666665,73.79629629629629,0.9444444444444444,3.5,3.5
blocked,63ea4a7fa7d709c8e7887a93,4,2.6666666666666665,73.94444444444444,1.0,3.5,3.5
blocked,63ea4a7fa7d709c8e7887a93,5,2.6666666666666665,71.88888888888889,0.9444444444444444,3.5,3.5
blocked,63f99bc092e78e7338131463,1,2.6666666666666665,72.44444444444444,0.6111111111111112,3.5,3.5
blocked,63f99bc092e78e7338131463,2,2.6666666666666665,77.01388888888889,0.7361111111111112,3.5,3.5
blocked,63f99bc092e78e7338131463,3,2.6666666666666665,76.51851851851852,0.7777777777777778,3.5,3.5
blocked,63f99bc092e78e7338131463,4,2.6666666666666665,80.25,0.7222222222222222,3.5,3.5
blocked,63f99bc092e78e7338131463,5,2.6666666666666665,72.16666666666667,0.6666666666666666,3.5,3.5
free,55d6e23469dbc30010b66dc3,1,3.0,73.12222222222222,0.5222222222222223,3.477777777777778,3.522222222222222
free,55d6e23469dbc30010b66dc3,2,2.9863013698630136,79.05479452054794,0.7123287671232876,3.643835616438356,3.6027397260273974
free,55d6e23469dbc30010b66dc3,3,2.943396226415094,75.64150943396227,0.7358490566037735,3.490566037735849,3.452830188679245
free,55d6e23469dbc30010b66dc3,4,2.9444444444444446,73.94444444444444,0.7222222222222222,3.5,3.5
free,55d6e23469dbc30010b66dc3,5,3.0,75.66666666666667,0.8333333333333334,3.5,3.5
free,561021e87ffc8a0005811358,1,2.5604395604395602,75.0,0.5494505494505495,3.4285714285714284,3.5604395604395602
free,561021e87ffc8a0005811358,2,2.5753424657534247,75.1917808219178,0.6712328767123288,3.5616438356164384,3.5205479452054793
free,561021e87ffc8a0005811358,3,2.6346153846153846,74.65384615384616,0.8076923076923077,3.5384615384615383,3.576923076923077
free,561021e87ffc8a0005811358,4,2.611111111111111,78.58333333333333,0.9166666666666666,3.5,3.5
free,561021e87ffc8a0005811358,5,2.6666666666666665,75.55555555555556,0.8333333333333334,3.5,3.5
free,568f981a7d961b000c969d2f,1,2.5697674418604652,70.5813953488372,0.5232558139534884,3.558139534883721,3.488372093023256
free,568f981a7d961b000c969d2f,2,2.5833333333333335,78.31944444444444,0.5555555555555556,3.4166666666666665,3.4722222222222223
free,568f981a7d961b000c969d2f,3,2.5789473684210527,76.21052631578948,0.8245614035087719,3.526315789473684,3.526315789473684
free,568f981a7d961b000c969d2f,4,2.4285714285714284,76.77142857142857,0.8285714285714286,3.657142857142857,3.6857142857142855
free,568f981a7d961b000c969d2f,5,2.5,82.25,0.95,3.5,3.5
free,570157c6917228000d8d4b6a,1,2.5824175824175826,76.57142857142857,0.6153846153846154,3.5494505494505493,3.4615384615384617
free,570157c6917228000d8d4b6a,2,2.5492957746478875,73.25352112676056,0.704225352112676,3.4507042253521125,3.464788732394366
free,570157c6917228000d8d4b6a,3,2.5849056603773586,73.54716981132076,0.9245283018867925,3.509433962264151,3.547169811320755
free,570157c6917228000d8d4b6a,4,2.5428571428571427,75.08571428571429,0.9714285714285714,3.4285714285714284,3.4571428571428573
free,570157c6917228000d8d4b6a,5,2.5,84.5,0.95,3.5,3.5
free,59d395800118340001369be1,1,2.413793103448276,77.13793103448276,0.5517241379310345,3.4482758620689653,3.586206896551724
free,59d395800118340001369be1,2,2.4722222222222223,73.80555555555556,0.6111111111111112,3.5555555555555554,3.5555555555555554
free,59d395800118340001369be1,3,2.4727272727272727,76.61818181818182,0.6909090909090909,3.5272727272727273,3.5272727272727273
free,59d395800118340001369be1,4,2.5277777777777777,73.97222222222223,0.75,3.6944444444444446,3.75
free,59d395800118340001369be1,5,2.5,74.15,0.75,3.5,3.5
free,59d6a195f50cfe000125da5f,1,2.7222222222222223,75.9888888888889,0.5777777777777777,3.522222222222222,3.433333333333333
free,59d6a195f50cfe000125da5f,2,2.72972972972973,77.63513513513513,0.7162162162162162,3.5405405405405403,3.5135135135135136
free,59d6a195f50cfe000125da5f,3,2.6666666666666665,76.98148148148148,0.7407407407407407,3.4074074074074074,3.3703703703703702
free,59d6a195f50cfe000125da5f,4,2.6,73.25714285714285,0.8857142857142857,3.4571428571428573,3.4285714285714284
free,59d6a195f50cfe000125da5f,5,2.6470588235294117,63.529411764705884,1.0,3.3529411764705883,3.3529411764705883
free,5a33acd25617d60001f0e8ba,1,2.6666666666666665,77.04444444444445,0.5777777777777777,3.5,3.5
free,5a33acd25617d60001f0e8ba,2,2.6666666666666665,74.90277777777777,0.75,3.5,3.5
free,5a33acd25617d60001f0e8ba,3,2.6666666666666665,74.42592592592592,0.9074074074074074,3.5,3.5
free,5a33acd25617d60001f0e8ba,4,2.6666666666666665,73.38888888888889,0.9444444444444444,3.5,3.5
free,5a33acd25617d60001f0e8ba,5,2.6666666666666665,77.61111111111111,0.9444444444444444,3.5,3.5
free,5a69257731b87a0001c76293,1,2.934065934065934,74.91208791208791,0.6813186813186813,3.5384615384615383,3.5164835164835164
free,5a69257731b87a0001c76293,2,2.972972972972973,79.93243243243244,0.7837837837837838,3.445945945945946,3.5
free,5a69257731b87a0001c76293,3,2.8979591836734695,64.28571428571429,0.8367346938775511,3.489795918367347,3.4489795918367347
free,5a69257731b87a0001c76293,4,2.945945945945946,80.54054054054055,0.918918918918919,3.5405405405405403,3.5675675675675675
free,5a69257731b87a0001c76293,5,3.0,80.15789473684211,1.0,3.3684210526315788,3.3684210526315788
free,5a97716fdbdb470001eec94f,1,2.966292134831461,76.29213483146067,0.6853932584269663,3.49438202247191,3.5168539325842696
free,5a97716fdbdb470001eec94f,2,2.918918918918919,76.06756756756756,0.7702702702702703,3.4864864864864864,3.5135135135135136
free,5a97716fdbdb470001eec94f,3,2.8727272727272726,75.67272727272727,0.9272727272727272,3.4909090909090907,3.4545454545454546
free,5a97716fdbdb470001eec94f,4,2.942857142857143,71.48571428571428,0.8571428571428571,3.6,3.5142857142857142
free,5a97716fdbdb470001eec94f,5,2.823529411764706,76.58823529411765,0.9411764705882353,3.6470588235294117,3.6470588235294117
free,5b3fdff9d67d210001d58ac5,1,2.50561797752809,74.96629213483146,0.5955056179775281,3.460674157303371,3.50561797752809
free,5b3fdff9d67d210001d58ac5,2,2.492957746478873,74.83098591549296,0.5492957746478874,3.492957746478873,3.4225352112676055
free,5b3fdff9d67d210001d58ac5,3,2.4716981132075473,71.83018867924528,0.6037735849056604,3.490566037735849,3.452830188679245
free,5b3fdff9d67d210001d58ac5,4,2.4594594594594597,80.13513513513513,0.7297297297297297,3.5675675675675675,3.5405405405405403
free,5b3fdff9d67d210001d58ac5,5,2.5,81.4,0.8,3.5,3.5
free,5b5f23420085cb0001872849,1,2.630434782608696,76.1304347826087,0.5652173913043478,3.467391304347826,3.532608695652174
free,5b5f23420085cb0001872849,2,2.6027397260273974,77.46575342465754,0.6712328767123288,3.4794520547945207,3.493150684931507
free,5b5f23420085cb0001872849,3,2.588235294117647,74.17647058823529,0.8235294117647058,3.4901960784313726,3.450980392156863
free,5b5f23420085cb0001872849,4,2.6666666666666665,72.66666666666667,0.8888888888888888,3.5,3.5
free,5b5f23420085cb0001872849,5,2.6666666666666665,73.72222222222223,0.9444444444444444,3.5,3.5
free,5ba8d1bc642146000183c033,1,2.7578947368421054,79.48421052631579,0.4631578947368421,3.463157894736842,3.526315789473684
free,5ba8d1bc642146000183c033,2,2.8472222222222223,72.16666666666667,0.4305555555555556,3.513888888888889,3.486111111111111
free,5ba8d1bc642146000183c033,3,2.8,72.04,0.52,3.46,3.54
free,5ba8d1bc642146000183c033,4,2.7777777777777777,78.27777777777777,0.5555555555555556,3.361111111111111,3.4166666666666665
free,5ba8d1bc642146000183c033,5,2.764705882352941,71.6470588235294,0.47058823529411764,3.6470588235294117,3.6470588235294117
free,5bdba05d19b9ba000157a348,1,2.7613636363636362,75.60227272727273,0.5113636363636364,3.5,3.522727272727273
free,5bdba05d19b9ba000157a348,2,2.7916666666666665,73.73611111111111,0.7222222222222222,3.513888888888889,3.486111111111111
free,5bdba05d19b9ba000157a348,3,2.736842105263158,78.50877192982456,0.8947368421052632,3.4210526315789473,3.4210526315789473
free,5bdba05d19b9ba000157a348,4,2.75,74.5,0.8888888888888888,3.638888888888889,3.5833333333333335
free,5bdba05d19b9ba000157a348,5,2.764705882352941,74.47058823529412,1.0,3.6470588235294117,3.6470588235294117
free,5be2dab1dc5b8d0001ce18a9,1,2.7204301075268815,78.60215053763442,0.5913978494623656,3.5161290322580645,3.4946236559139785
free,5be2dab1dc5b8d0001ce18a9,2,2.7083333333333335,82.70833333333333,0.6944444444444444,3.5555555555555554,3.5
free,5be2dab1dc5b8d0001ce18a9,3,2.709090909090909,70.52727272727273,0.8727272727272727,3.4727272727272727,3.4727272727272727
free,5be2dab1dc5b8d0001ce18a9,4,2.6363636363636362,62.81818181818182,0.8787878787878788,3.5454545454545454,3.5757575757575757
free,5be2dab1dc5b8d0001ce18a9,5,2.588235294117647,68.70588235294117,1.0,3.6470588235294117,3.6470588235294117
free,5be4776ad3283000016752e4,1,2.7362637362637363,73.53846153846153,0.6153846153846154,3.5274725274725274,3.5054945054945055
free,5be4776ad3283000016752e4,2,2.7183098591549295,76.46478873239437,0.7183098591549296,3.535211267605634,3.492957746478873
free,5be4776ad3283000016752e4,3,2.7735849056603774,77.94339622641509,0.7735849056603774,3.547169811320755,3.509433962264151
free,5be4776ad3283000016752e4,4,2.6944444444444446,72.52777777777777,0.6944444444444444,3.611111111111111,3.611111111111111
free,5be4776ad3283000016752e4,5,2.736842105263158,80.10526315789474,0.9473684210526315,3.6315789473684212,3.6315789473684212
free,5c351b21d4ae620001d3ee01,1,2.9,74.53333333333333,0.6,3.466666666666667,3.533333333333333
free,5c351b21d4ae620001d3ee01,2,2.8472222222222223,75.09722222222223,0.6944444444444444,3.5277777777777777,3.4722222222222223
free,5c351b21d4ae620001d3ee01,3,2.7735849056603774,71.64150943396227,0.7169811320754716,3.4339622641509435,3.509433962264151
free,5c351b21d4ae620001d3ee01,4,2.864864864864865,78.37837837837837,0.8648648648648649,3.4594594594594597,3.4324324324324325
free,5c351b21d4ae620001d3ee01,5,2.888888888888889,87.38888888888889,0.8888888888888888,3.5,3.5
free,5c41e9263be7b70001fcf4ab,1,1.5888888888888888,73.0111111111111,0.6666666666666666,3.488888888888889,3.511111111111111
free,5c41e9263be7b70001fcf4ab,2,1.5972222222222223,76.0,0.75,3.513888888888889,3.486111111111111
free,5c41e9263be7b70001fcf4ab,3,1.5555555555555556,76.88888888888889,0.7962962962962963,3.5,3.5
free,5c41e9263be7b70001fcf4ab,4,1.5555555555555556,78.69444444444444,0.8333333333333334,3.5,3.5
free,5c41e9263be7b70001fcf4ab,5,1.5555555555555556,75.38888888888889,0.7777777777777778,3.5,3.5
free,5c462f70f5bbb70001b2f902,1,2.898876404494382,75.50561797752809,0.5168539325842697,3.4719101123595504,3.539325842696629
free,5c462f70f5bbb70001b2f902,2,2.863013698630137,77.16438356164383,0.7808219178082192,3.5205479452054793,3.5616438356164384
free,5c462f70f5bbb70001b2f902,3,2.925925925925926,76.4074074074074,0.7777777777777778,3.425925925925926,3.462962962962963
free,5c462f70f5bbb70001b2f902,4,2.9166666666666665,71.41666666666667,0.8333333333333334,3.5833333333333335,3.638888888888889
free,5c462f70f5bbb70001b2f902,5,2.8333333333333335,74.16666666666667,0.8333333333333334,3.5,3.5
free,5c5cb335c378220001e5ed9b,1,1.5555555555555556,73.85555555555555,0.6222222222222222,3.5,3.5
free,5c5cb335c378220001e5ed9b,2,1.5555555555555556,77.41666666666667,0.75,3.5,3.5
free,5c5cb335c378220001e5ed9b,3,1.5555555555555556,74.12962962962963,0.9444444444444444,3.5,3.5
free,5c5cb335c378220001e5ed9b,4,1.5555555555555556,73.83333333333333,0.9722222222222222,3.5,3.5
free,5c5cb335c378220001e5ed9b,5,1.5555555555555556,83.5,1.0,3.5,3.5
free,5c65bffe5aa5610001dd6338,1,2.7111111111111112,74.82222222222222,0.4666666666666667,3.533333333333333,3.466666666666667
free,5c65bffe5aa5610001dd6338,2,2.6986301369863015,79.5068493150685,0.4246575342465753,3.4794520547945207,3.4383561643835616
free,5c65bffe5aa5610001dd6338,3,2.6226415094339623,71.30188679245283,0.5094339622641509,3.4150943396226414,3.5283018867924527
free,5c65bffe5aa5610001dd6338,4,2.7222222222222223,72.44444444444444,0.4722222222222222,3.5277777777777777,3.4722222222222223
free,5c65bffe5aa5610001dd6338,5,2.611111111111111,81.11111111111111,0.3333333333333333,3.5,3.5
free,5c994bc42b26210001a28ad6,1,2.707865168539326,75.57303370786516,0.5168539325842697,3.5168539325842696,3.49438202247191
free,5c994bc42b26210001a28ad6,2,2.75,79.71052631578948,0.6842105263157895,3.513157894736842,3.4342105263157894
free,5c994bc42b26210001a28ad6,3,2.69811320754717,75.90566037735849,0.9056603773584906,3.547169811320755,3.509433962264151
free,5c994bc42b26210001a28ad6,4,2.7142857142857144,72.51428571428572,0.9428571428571428,3.4285714285714284,3.4571428571428573
free,5c994bc42b26210001a28ad6,5,2.764705882352941,61.1764705882353,0.9411764705882353,3.3529411764705883,3.3529411764705883
free,5cacc30ef7db0100175998e7,1,2.7362637362637363,81.56043956043956,0.5164835164835165,3.4835164835164836,3.5054945054945055
free,5cacc30ef7db0100175998e7,2,2.7142857142857144,70.77142857142857,0.5714285714285714,3.4857142857142858,3.4571428571428573
free,5cacc30ef7db0100175998e7,3,2.8076923076923075,67.84615384615384,0.75,3.5384615384615383,3.4615384615384617
free,5cacc30ef7db0100175998e7,4,2.675675675675676,78.70270270270271,0.7567567567567568,3.4594594594594597,3.4324324324324325
free,5cacc30ef7db0100175998e7,5,2.75,78.45,0.55,3.5,3.5
free,5cec33627950d8001bbcc787,1,2.4945054945054945,75.16483516483517,0.5714285714285714,3.4945054945054945,3.4725274725274726
free,5cec33627950d8001bbcc787,2,2.3783783783783785,76.17567567567568,0.6621621621621622,3.472972972972973,3.472972972972973
free,5cec33627950d8001bbcc787,3,2.4150943396226414,74.60377358490567,0.7547169811320755,3.5849056603773586,3.5849056603773586
free,5cec33627950d8001bbcc787,4,2.4285714285714284,77.42857142857143,0.8857142857142857,3.657142857142857,3.6857142857142855
free,5cec33627950d8001bbcc787,5,2.4705882352941178,73.17647058823529,0.8823529411764706,3.6470588235294117,3.6470588235294117
free,5d68c8aa40524c00189e8ac2,1,2.7333333333333334,74.72222222222223,0.6666666666666666,3.466666666666667,3.488888888888889
free,5d68c8aa40524c00189e8ac2,2,2.75,77.31944444444444,0.9166666666666666,3.4722222222222223,3.4722222222222223
free,5d68c8aa40524c00189e8ac2,3,2.6792452830188678,70.62264150943396,0.8867924528301887,3.5283018867924527,3.5283018867924527
free,5d68c8aa40524c00189e8ac2,4,2.5945945945945947,79.97297297297297,1.0,3.5405405405405403,3.5675675675675675
free,5d68c8aa40524c00189e8ac2,5,2.7222222222222223,77.27777777777777,1.0,3.5,3.5
free,5dcd750828792003fc23dc39,1,2.772727272727273,74.79545454545455,0.5681818181818182,3.5113636363636362,3.5113636363636362
free,5dcd750828792003fc23dc39,2,2.7746478873239435,76.12676056338029,0.7887323943661971,3.492957746478873,3.535211267605634
free,5dcd750828792003fc23dc39,3,2.736842105263158,77.52631578947368,0.8070175438596491,3.473684210526316,3.473684210526316
free,5dcd750828792003fc23dc39,4,2.6666666666666665,71.58333333333333,0.9444444444444444,3.5,3.5
free,5dcd750828792003fc23dc39,5,2.6666666666666665,77.88888888888889,0.8888888888888888,3.5,3.5
free,5df2148f55742510c539232e,1,2.4157303370786516,77.17977528089888,0.5168539325842697,3.449438202247191,3.5168539325842696
free,5df2148f55742510c539232e,2,2.452054794520548,74.23287671232876,0.5753424657534246,3.493150684931507,3.4794520547945207
free,5df2148f55742510c539232e,3,2.4444444444444446,72.16666666666667,0.6296296296296297,3.5,3.5
free,5df2148f55742510c539232e,4,2.4594594594594597,77.24324324324324,0.6486486486486487,3.4594594594594597,3.4324324324324325
free,5df2148f55742510c539232e,5,2.3529411764705883,78.94117647058823,0.8235294117647058,3.6470588235294117,3.6470588235294117
free,5e25f47427b78983dc68a86a,1,2.7613636363636362,73.36363636363636,0.6022727272727273,3.4545454545454546,3.522727272727273
free,5e25f47427b78983dc68a86a,2,2.72972972972973,73.62162162162163,0.8108108108108109,3.5135135135135136,3.4864864864864864
free,5e25f47427b78983dc68a86a,3,2.69811320754717,71.15094339622641,0.8867924528301887,3.547169811320755,3.509433962264151
free,5e25f47427b78983dc68a86a,4,2.7222222222222223,83.47222222222223,0.9166666666666666,3.4722222222222223,3.5277777777777777
free,5e25f47427b78983dc68a86a,5,2.736842105263158,89.73684210526316,1.0,3.6315789473684212,3.6315789473684212
free,5e3a0494852c30225cf95713,1,2.397727272727273,77.47727272727273,0.5454545454545454,3.4886363636363638,3.465909090909091
free,5e3a0494852c30225cf95713,2,2.4594594594594597,76.62162162162163,0.5945945945945946,3.5675675675675675,3.4864864864864864
free,5e3a0494852c30225cf95713,3,2.4444444444444446,73.94444444444444,0.6851851851851852,3.5925925925925926,3.5185185185185186
free,5e3a0494852c30225cf95713,4,2.4594594594594597,73.16216216216216,0.6756756756756757,3.4594594594594597,3.4324324324324325
free,5e3a0494852c30225cf95713,5,2.4705882352941178,70.41176470588235,0.7647058823529411,3.3529411764705883,3.3529411764705883
free,5e53e8d0a0002e3ee42be086,1,2.588888888888889,72.3,0.6444444444444445,3.4444444444444446,3.5555555555555554
free,5e53e8d0a0002e3ee42be086,2,2.6027397260273974,78.17808219178082,0.7808219178082192,3.4794520547945207,3.547945205479452
free,5e53e8d0a0002e3ee42be086,3,2.6481481481481484,80.83333333333333,0.7592592592592593,3.4444444444444446,3.4444444444444446
free,5e53e8d0a0002e3ee42be086,4,2.6216216216216215,70.37837837837837,0.8108108108108109,3.5675675675675675,3.5405405405405403
free,5e53e8d0a0002e3ee42be086,5,2.5,75.125,0.875,3.5,3.5
free,5e54c7fc2394ea4c99f88987,1,2.539325842696629,76.50561797752809,0.6179775280898876,3.49438202247191,3.449438202247191
free,5e54c7fc2394ea4c99f88987,2,2.5,67.07352941176471,0.6911764705882353,3.5441176470588234,3.3970588235294117
free,5e54c7fc2394ea4c99f88987,3,2.5357142857142856,76.46428571428571,0.8392857142857143,3.5357142857142856,3.4642857142857144
free,5e54c7fc2394ea4c99f88987,4,2.526315789473684,79.47368421052632,0.7894736842105263,3.3684210526315788,3.4210526315789473
free,5e54c7fc2394ea4c99f88987,5,2.5789473684210527,90.15789473684211,0.7368421052631579,3.3684210526315788,3.3684210526315788
free,5ea6f9f2064600098ec3de7d,1,2.4942528735632186,77.33333333333333,0.5632183908045977,3.471264367816092,3.471264367816092
free,5ea6f9f2064600098ec3de7d,2,2.4794520547945207,78.35616438356165,0.6438356164383562,3.5205479452054793,3.506849315068493
free,5ea6f9f2064600098ec3de7d,3,2.482142857142857,77.28571428571429,0.5714285714285714,3.4642857142857144,3.5357142857142856
free,5ea6f9f2064600098ec3de7d,4,2.4864864864864864,70.83783783783784,0.5135135135135135,3.675675675675676,3.6486486486486487
free,5ea6f9f2064600098ec3de7d,5,2.5294117647058822,58.11764705882353,0.47058823529411764,3.3529411764705883,3.3529411764705883
free,5eb160022ba1fe23beaecfb0,1,3.10989010989011,78.98901098901099,0.6703296703296703,3.4505494505494507,3.5824175824175826
free,5eb160022ba1fe23beaecfb0,2,3.0704225352112675,72.52112676056338,0.8028169014084507,3.464788732394366,3.507042253521127
free,5eb160022ba1fe23beaecfb0,3,3.0555555555555554,73.07407407407408,0.8888888888888888,3.4074074074074074,3.4814814814814814
free,5eb160022ba1fe23beaecfb0,4,3.2285714285714286,75.97142857142858,0.9428571428571428,3.6857142857142855,3.657142857142857
free,5eb160022ba1fe23beaecfb0,5,3.0526315789473686,75.94736842105263,1.0,3.6315789473684212,3.6315789473684212
free,5ec2a79581fa8a09897fae88,1,2.681318681318681,77.36263736263736,0.5494505494505495,3.5164835164835164,3.4945054945054945
free,5ec2a79581fa8a09897fae88,2,2.6619718309859155,73.4225352112676,0.6619718309859155,3.492957746478873,3.4788732394366195
free,5ec2a79581fa8a09897fae88,3,2.685185185185185,74.77777777777777,0.7222222222222222,3.5185185185185186,3.4814814814814814
free,5ec2a79581fa8a09897fae88,4,2.6666666666666665,77.86111111111111,0.7777777777777778,3.5,3.5
free,5ec2a79581fa8a09897fae88,5,2.6666666666666665,71.72222222222223,0.8333333333333334,3.5,3.5
free,5ec6dc260f6f6211b434e57c,1,2.5604395604395602,78.68131868131869,0.5714285714285714,3.4725274725274726,3.5384615384615383
free,5ec6dc260f6f6211b434e57c,2,2.5,75.0,0.6571428571428571,3.5142857142857142,3.5428571428571427
free,5ec6dc260f6f6211b434e57c,3,2.5454545454545454,76.74545454545455,0.7454545454545455,3.4909090909090907,3.4545454545454546
free,5ec6dc260f6f6211b434e57c,4,2.6176470588235294,60.11764705882353,0.8529411764705882,3.3529411764705883,3.411764705882353
free,5ec6dc260f6f6211b434e57c,5,2.5,85.5,0.7,3.5,3.5
free,5eda5ad7cee6c16590433514,1,1.7865168539325842,78.25842696629213,0.6067415730337079,3.4719101123595504,3.5168539325842696
free,5eda5ad7cee6c16590433514,2,1.7808219178082192,73.72602739726027,0.684931506849315,3.4794520547945207,3.547945205479452
free,5eda5ad7cee6c16590433514,3,1.8181818181818181,73.76363636363637,0.7818181818181819,3.5090909090909093,3.5454545454545454
free,5eda5ad7cee6c16590433514,4,1.7428571428571429,76.97142857142858,0.8571428571428571,3.5428571428571427,3.5714285714285716
free,5eda5ad7cee6c16590433514,5,1.8333333333333333,71.5,0.8333333333333334,3.2222222222222223,3.2222222222222223
free,5eea37b60e95520ef6907500,1,2.849462365591398,76.21505376344086,0.5483870967741935,3.5268817204301075,3.5268817204301075
free,5eea37b60e95520ef6907500,2,2.8904109589041096,78.01369863013699,0.547945205479452,3.4794520547945207,3.547945205479452
free,5eea37b60e95520ef6907500,3,2.9038461538461537,74.51923076923077,0.5576923076923077,3.5,3.5
free,5eea37b60e95520ef6907500,4,2.888888888888889,71.86111111111111,0.6111111111111112,3.4722222222222223,3.5277777777777777
free,5eea37b60e95520ef6907500,5,3.0,71.25,0.625,3.5,3.5
free,5eec9ed2f32dc20379a7934f,1,2.7934782608695654,79.94565217391305,0.6630434782608695,3.532608695652174,3.4456521739130435
free,5eec9ed2f32dc20379a7934f,2,2.8857142857142857,71.5,0.7428571428571429,3.5428571428571427,3.4571428571428573
free,5eec9ed2f32dc20379a7934f,3,2.8,78.9090909090909,0.8181818181818182,3.4,3.4363636363636365
free,5eec9ed2f32dc20379a7934f,4,2.7941176470588234,67.67647058823529,0.9117647058823529,3.7058823529411766,3.764705882352941
free,5eec9ed2f32dc20379a7934f,5,2.736842105263158,72.84210526315789,0.8947368421052632,3.3684210526315788,3.3684210526315788
free,5f12e6ebfe50020009674aa7,1,2.4157303370786516,74.95505617977528,0.5730337078651685,3.449438202247191,3.5168539325842696
free,5f12e6ebfe50020009674aa7,2,2.410958904109589,77.32876712328768,0.684931506849315,3.547945205479452,3.4794520547945207
free,5f12e6ebfe50020009674aa7,3,2.3703703703703702,74.33333333333333,0.9074074074074074,3.537037037037037,3.574074074074074
free,5f12e6ebfe50020009674aa7,4,2.5277777777777777,76.38888888888889,0.8611111111111112,3.2777777777777777,3.2777777777777777
free,5f12e6ebfe50020009674aa7,5,2.5555555555555554,72.5,0.8888888888888888,3.5,3.5
free,5f12f3b9b6d334012fba9ca4,1,2.5714285714285716,77.56043956043956,0.5824175824175825,3.5274725274725274,3.4835164835164836
free,5f12f3b9b6d334012fba9ca4,2,2.5972222222222223,72.94444444444444,0.5,3.5277777777777777,3.4722222222222223
free,5f12f3b9b6d334012fba9ca4,3,2.641509433962264,71.33962264150944,0.5849056603773585,3.5283018867924527,3.5283018867924527
free,5f12f3b9b6d334012fba9ca4,4,2.5714285714285716,76.25714285714285,0.6571428571428571,3.4285714285714284,3.4571428571428573
free,5f12f3b9b6d334012fba9ca4,5,2.6842105263157894,85.52631578947368,0.6842105263157895,3.6315789473684212,3.6315789473684212
free,5f2ef53d7729c52ae63230a2,1,2.433333333333333,75.38888888888889,0.5555555555555556,3.5,3.477777777777778
free,5f2ef53d7729c52ae63230a2,2,2.3768115942028984,74.6086956521739,0.5217391304347826,3.5072463768115942,3.463768115942029
free,5f2ef53d7729c52ae63230a2,3,2.4074074074074074,68.55555555555556,0.5,3.5185185185185186,3.5925925925925926
free,5f2ef53d7729c52ae63230a2,4,2.3157894736842106,82.44736842105263,0.5526315789473685,3.6052631578947367,3.6052631578947367
free,5f2ef53d7729c52ae63230a2,5,2.473684210526316,85.10526315789474,0.631578947368421,3.3684210526315788,3.3684210526315788
free,5f4cc45ee974b18dbf4a503d,1,2.752808988764045,77.11235955056179,0.6067415730337079,3.404494382022472,3.561797752808989
free,5f4cc45ee974b18dbf4a503d,2,2.8055555555555554,72.73611111111111,0.7916666666666666,3.4583333333333335,3.486111111111111
free,5f4cc45ee974b18dbf4a503d,3,2.690909090909091,73.4,0.9090909090909091,3.4545454545454546,3.4909090909090907
free,5f4cc45ee974b18dbf4a503d,4,2.7714285714285714,74.2,0.9714285714285714,3.7714285714285714,3.8
free,5f4cc45ee974b18dbf4a503d,5,2.736842105263158,86.89473684210526,0.9473684210526315,3.6315789473684212,3.6315789473684212
free,5f5d67dffbf1065cd033b172,1,2.640449438202247,75.84269662921348,0.5955056179775281,3.49438202247191,3.539325842696629
free,5f5d67dffbf1065cd033b172,2,2.6338028169014085,68.67605633802818,0.5211267605633803,3.492957746478873,3.535211267605634
free,5f5d67dffbf1065cd033b172,3,2.6785714285714284,83.94642857142857,0.5892857142857143,3.5,3.5
free,5f5d67dffbf1065cd033b172,4,2.611111111111111,75.44444444444444,0.7777777777777778,3.388888888888889,3.388888888888889
free,5f5d67dffbf1065cd033b172,5,2.6666666666666665,74.55555555555556,0.6111111111111112,3.5,3.5
free,5f6388c21b14c5079764e750,1,2.8444444444444446,72.5,0.6333333333333333,3.488888888888889,3.488888888888889
free,5f6388c21b14c5079764e750,2,2.8857142857142857,72.62857142857143,0.7857142857142857,3.557142857142857,3.5
free,5f6388c21b14c5079764e750,3,2.811320754716981,77.45283018867924,0.8867924528301887,3.452830188679245,3.490566037735849
free,5f6388c21b14c5079764e750,4,2.8157894736842106,81.57894736842105,0.9473684210526315,3.710526315789474,3.710526315789474
free,5f6388c21b14c5079764e750,5,3.0,82.6842105263158,0.9473684210526315,3.6315789473684212,3.6315789473684212
free,5f8586b33e4d65036ae018f9,1,2.7191011235955056,74.30337078651685,0.6067415730337079,3.49438202247191,3.5168539325842696
free,5f8586b33e4d65036ae018f9,2,2.712328767123288,77.93150684931507,0.7671232876712328,3.493150684931507,3.4794520547945207
free,5f8586b33e4d65036ae018f9,3,2.690909090909091,73.36363636363636,0.8727272727272727,3.4727272727272727,3.4727272727272727
free,5f8586b33e4d65036ae018f9,4,2.7142857142857144,81.8,0.9428571428571428,3.4285714285714284,3.4571428571428573
free,5f8586b33e4d65036ae018f9,5,2.6666666666666665,65.83333333333333,0.8333333333333334,3.5,3.5
free,5fa154fd4cbe97227182aff7,1,2.641304347826087,72.98913043478261,0.5978260869565217,3.4456521739130435,3.532608695652174
free,5fa154fd4cbe97227182aff7,2,2.6164383561643834,78.65753424657534,0.821917808219178,3.493150684931507,3.4246575342465753
free,5fa154fd4cbe97227182aff7,3,2.607843137254902,74.23529411764706,0.9411764705882353,3.4901960784313726,3.450980392156863
free,5fa154fd4cbe97227182aff7,4,2.6578947368421053,80.60526315789474,1.0,3.5,3.5
free,5fa154fd4cbe97227182aff7,5,2.625,67.4375,0.9375,3.5,3.5
free,5fa9a1924401ba1be7e2dffc,1,2.6923076923076925,73.47252747252747,0.5054945054945055,3.4835164835164836,3.5054945054945055
free,5fa9a1924401ba1be7e2dffc,2,2.6805555555555554,74.06944444444444,0.5833333333333334,3.513888888888889,3.486111111111111
free,5fa9a1924401ba1be7e2dffc,3,2.6666666666666665,78.72222222222223,0.7222222222222222,3.5,3.5
free,5fa9a1924401ba1be7e2dffc,4,2.6470588235294117,74.0,0.6764705882352942,3.4705882352941178,3.5294117647058822
free,5fa9a1924401ba1be7e2dffc,5,2.736842105263158,84.15789473684211,0.631578947368421,3.6315789473684212,3.6315789473684212
free,5fb6bb7c19e6d00f86af4633,1,2.574712643678161,69.11494252873563,0.5977011494252874,3.5632183908045976,3.471264367816092
free,5fb6bb7c19e6d00f86af4633,2,2.513888888888889,78.59722222222223,0.6527777777777778,3.486111111111111,3.4583333333333335
free,5fb6bb7c19e6d00f86af4633,3,2.5384615384615383,75.09615384615384,0.8076923076923077,3.480769230769231,3.519230769230769
free,5fb6bb7c19e6d00f86af4633,4,2.5675675675675675,82.0,0.9459459459459459,3.3513513513513513,3.324324324324324
free,5fb6bb7c19e6d00f86af4633,5,2.5,82.95,0.85,3.5,3.5
free,5fe3b63f4b3bdc08088f6ae0,1,2.652173913043478,71.66304347826087,0.6195652173913043,3.510869565217391,3.467391304347826
free,5fe3b63f4b3bdc08088f6ae0,2,2.647887323943662,70.91549295774648,0.7746478873239436,3.563380281690141,3.5211267605633805
free,5fe3b63f4b3bdc08088f6ae0,3,2.660377358490566,74.13207547169812,0.9433962264150944,3.547169811320755,3.509433962264151
free,5fe3b63f4b3bdc08088f6ae0,4,2.7058823529411766,77.73529411764706,0.9411764705882353,3.3529411764705883,3.411764705882353
free,5fe3b63f4b3bdc08088f6ae0,5,2.6470588235294117,74.23529411764706,0.9411764705882353,3.3529411764705883,3.3529411764705883
free,5fef191aadaa09219fe00e6a,1,2.50561797752809,71.91011235955057,0.5393258426966292,3.49438202247191,3.49438202247191
free,5fef191aadaa09219fe00e6a,2,2.492957746478873,75.7605633802817,0.676056338028169,3.4507042253521125,3.464788732394366
free,5fef191aadaa09219fe00e6a,3,2.4545454545454546,79.32727272727273,0.7090909090909091,3.5636363636363635,3.4909090909090907
free,5fef191aadaa09219fe00e6a,4,2.4473684210526314,80.02631578947368,0.7368421052631579,3.6052631578947367,3.6052631578947367
free,5fef191aadaa09219fe00e6a,5,2.411764705882353,70.70588235294117,0.7647058823529411,3.3529411764705883,3.3529411764705883
free,6017df63bb02083698436ead,1,2.6555555555555554,74.94444444444444,0.6444444444444445,3.433333333333333,3.588888888888889
free,6017df63bb02083698436ead,2,2.647887323943662,75.92957746478874,0.7183098591549296,3.4788732394366195,3.492957746478873
free,6017df63bb02083698436ead,3,2.6481481481481484,75.64814814814815,0.9259259259259259,3.5555555555555554,3.4444444444444446
free,6017df63bb02083698436ead,4,2.5833333333333335,72.75,0.9722222222222222,3.5833333333333335,3.638888888888889
free,6017df63bb02083698436ead,5,2.5789473684210527,81.3157894736842,1.0,3.6315789473684212,3.6315789473684212
free,6018534e0c293609da7a8f8e,1,2.6483516483516483,75.28571428571429,0.4835164835164835,3.4725274725274726,3.5384615384615383
free,6018534e0c293609da7a8f8e,2,2.638888888888889,74.47222222222223,0.5694444444444444,3.4583333333333335,3.486111111111111
free,6018534e0c293609da7a8f8e,3,2.641509433962264,70.62264150943396,0.7358490566037735,3.5283018867924527,3.5283018867924527
free,6018534e0c293609da7a8f8e,4,2.638888888888889,84.75,0.8333333333333334,3.5,3.5
free,6018534e0c293609da7a8f8e,5,2.611111111111111,76.55555555555556,0.9444444444444444,3.5,3.5
free,603415af8ffaaa1ada99d014,1,2.6666666666666665,74.65555555555555,0.7,3.5,3.5
free,603415af8ffaaa1ada99d014,2,2.6666666666666665,72.625,0.9166666666666666,3.5,3.5
free,603415af8ffaaa1ada99d014,3,2.6666666666666665,77.0,0.9814814814814815,3.5,3.5
free,603415af8ffaaa1ada99d014,4,2.6666666666666665,79.80555555555556,1.0,3.5,3.5
free,603415af8ffaaa1ada99d014,5,2.6666666666666665,78.11111111111111,1.0,3.5,3.5
free,603fad5084b4750912f77008,1,2.898876404494382,73.12359550561797,0.6067415730337079,3.4831460674157304,3.460674157303371
free,603fad5084b4750912f77008,2,2.8472222222222223,76.02777777777777,0.7916666666666666,3.5972222222222223,3.4583333333333335
free,603fad5084b4750912f77008,3,2.8076923076923075,72.4423076923077,0.8269230769230769,3.5576923076923075,3.5576923076923075
free,603fad5084b4750912f77008,4,2.769230769230769,86.48717948717949,0.7435897435897436,3.4358974358974357,3.4615384615384617
free,603fad5084b4750912f77008,5,2.8333333333333335,70.16666666666667,0.7222222222222222,3.5,3.5
free,604bd226587ce0cb9d88c8f6,1,2.6666666666666665,69.05747126436782,0.47126436781609193,3.4597701149425286,3.5517241379310347
free,604bd226587ce0cb9d88c8f6,2,2.6527777777777777,78.04166666666667,0.5555555555555556,3.5,3.5
free,604bd226587ce0cb9d88c8f6,3,2.618181818181818,82.78181818181818,0.38181818181818183,3.4727272727272727,3.4727272727272727
free,604bd226587ce0cb9d88c8f6,4,2.6666666666666665,69.61111111111111,0.5833333333333334,3.5,3.5
free,604bd226587ce0cb9d88c8f6,5,2.5789473684210527,87.47368421052632,0.6842105263157895,3.3684210526315788,3.3684210526315788
free,605467d5a3ae5fb3ec1970ad,1,2.466666666666667,79.56666666666666,0.5666666666666667,3.511111111111111,3.511111111111111
free,605467d5a3ae5fb3ec1970ad,2,2.4246575342465753,78.20547945205479,0.5342465753424658,3.5205479452054793,3.5616438356164384
free,605467d5a3ae5fb3ec1970ad,3,2.4074074074074074,75.44444444444444,0.5185185185185185,3.5185185185185186,3.4814814814814814
free,605467d5a3ae5fb3ec1970ad,4,2.4571428571428573,66.51428571428572,0.6285714285714286,3.4285714285714284,3.4571428571428573
free,605467d5a3ae5fb3ec1970ad,5,2.4444444444444446,61.833333333333336,0.6111111111111112,3.5,3.5
free,6060b63e4ccfcf7b44479d8b,1,2.6363636363636362,74.69318181818181,0.6931818181818182,3.5113636363636362,3.465909090909091
free,6060b63e4ccfcf7b44479d8b,2,2.643835616438356,74.04109589041096,0.8082191780821918,3.493150684931507,3.5342465753424657
free,6060b63e4ccfcf7b44479d8b,3,2.607142857142857,80.44642857142857,0.8214285714285714,3.517857142857143,3.482142857142857
free,6060b63e4ccfcf7b44479d8b,4,2.5833333333333335,73.94444444444444,0.7777777777777778,3.4722222222222223,3.5277777777777777
free,6060b63e4ccfcf7b44479d8b,5,2.588235294117647,72.94117647058823,0.7647058823529411,3.6470588235294117,3.6470588235294117
free,606f277cdd257dea5536d322,1,2.595505617977528,71.07865168539325,0.6404494382022472,3.4831460674157304,3.5280898876404496
free,606f277cdd257dea5536d322,2,2.5714285714285716,77.35714285714286,0.7714285714285715,3.5142857142857142,3.5428571428571427
free,606f277cdd257dea5536d322,3,2.5272727272727273,77.0909090909091,0.8727272727272727,3.5454545454545454,3.5090909090909093
free,606f277cdd257dea5536d322,4,2.5789473684210527,78.63157894736842,0.8421052631578947,3.6052631578947367,3.6052631578947367
free,606f277cdd257dea5536d322,5,2.5555555555555554,78.66666666666667,1.0,3.5,3.5
free,607ee7232fb723e021ea8bd5,1,2.7241379310344827,76.51724137931035,0.5057471264367817,3.5057471264367814,3.528735632183908
free,607ee7232fb723e021ea8bd5,2,2.712328767123288,72.26027397260275,0.5205479452054794,3.5205479452054793,3.5616438356164384
free,607ee7232fb723e021ea8bd5,3,2.7547169811320753,71.32075471698113,0.660377358490566,3.509433962264151,3.547169811320755
free,607ee7232fb723e021ea8bd5,4,2.675675675675676,83.21621621621621,0.5135135135135135,3.4324324324324325,3.4594594594594597
free,607ee7232fb723e021ea8bd5,5,2.6842105263157894,81.63157894736842,0.42105263157894735,3.6315789473684212,3.6315789473684212
free,60815de360f218f8b6164656,1,2.7252747252747254,78.26373626373626,0.6483516483516484,3.4505494505494507,3.5384615384615383
free,60815de360f218f8b6164656,2,2.736111111111111,75.15277777777777,0.7777777777777778,3.5277777777777777,3.5277777777777777
free,60815de360f218f8b6164656,3,2.709090909090909,79.27272727272727,0.8181818181818182,3.4909090909090907,3.4545454545454546
free,60815de360f218f8b6164656,4,2.735294117647059,70.88235294117646,0.9117647058823529,3.3823529411764706,3.3823529411764706
free,60815de360f218f8b6164656,5,2.6666666666666665,60.111111111111114,0.8888888888888888,3.5,3.5
free,6089ccf43f43e48ba34f3d61,1,2.912087912087912,74.63736263736264,0.5714285714285714,3.5054945054945055,3.4835164835164836
free,6089ccf43f43e48ba34f3d61,2,2.9444444444444446,76.69444444444444,0.5,3.4444444444444446,3.5
free,6089ccf43f43e48ba34f3d61,3,2.9245283018867925,69.75471698113208,0.6415094339622641,3.547169811320755,3.509433962264151
free,6089ccf43f43e48ba34f3d61,4,2.9166666666666665,79.16666666666667,0.6111111111111112,3.4166666666666665,3.361111111111111
free,6089ccf43f43e48ba34f3d61,5,2.888888888888889,84.66666666666667,0.7777777777777778,3.5,3.5
free,60a11f90c50ca219e6f70bce,1,2.8043478260869565,74.83695652173913,0.5652173913043478,3.467391304347826,3.510869565217391
free,60a11f90c50ca219e6f70bce,2,2.859154929577465,72.8169014084507,0.5211267605633803,3.464788732394366,3.563380281690141
free,60a11f90c50ca219e6f70bce,3,2.9056603773584904,82.67924528301887,0.7735849056603774,3.660377358490566,3.509433962264151
free,60a11f90c50ca219e6f70bce,4,2.8055555555555554,72.02777777777777,0.6388888888888888,3.4722222222222223,3.5277777777777777
free,60a11f90c50ca219e6f70bce,5,2.8333333333333335,75.27777777777777,0.7222222222222222,3.5,3.5
free,60a165177c992cb8b48a332f,1,2.6666666666666665,76.25555555555556,0.5,3.5,3.5
free,60a165177c992cb8b48a332f,2,2.6619718309859155,74.83098591549296,0.5492957746478874,3.4788732394366195,3.492957746478873
free,60a165177c992cb8b48a332f,3,2.660377358490566,71.28301886792453,0.5660377358490566,3.490566037735849,3.452830188679245
free,60a165177c992cb8b48a332f,4,2.6216216216216215,81.05405405405405,0.7837837837837838,3.4324324324324325,3.4594594594594597
free,60a165177c992cb8b48a332f,5,2.6666666666666665,77.11111111111111,0.8333333333333334,3.5,3.5
free,60a2df32808ac76c056b37b9,1,2.6483516483516483,72.73626373626374,0.42857142857142855,3.5164835164835164,3.4725274725274726
free,60a2df32808ac76c056b37b9,2,2.619718309859155,78.74647887323944,0.4647887323943662,3.507042253521127,3.5211267605633805
free,60a2df32808ac76c056b37b9,3,2.6226415094339623,74.81132075471699,0.4339622641509434,3.4716981132075473,3.4716981132075473
free,60a2df32808ac76c056b37b9,4,2.6486486486486487,72.35135135135135,0.40540540540540543,3.5405405405405403,3.5675675675675675
free,60a2df32808ac76c056b37b9,5,2.6666666666666665,85.16666666666667,0.5,3.5,3.5
free,60aad516e34718d318bfb44d,1,2.793103448275862,71.47126436781609,0.5517241379310345,3.471264367816092,3.5402298850574714
free,60aad516e34718d318bfb44d,2,2.7432432432432434,79.25675675675676,0.7162162162162162,3.527027027027027,3.472972972972973
free,60aad516e34718d318bfb44d,3,2.727272727272727,72.6,0.8545454545454545,3.5272727272727273,3.6363636363636362
free,60aad516e34718d318bfb44d,4,2.8333333333333335,75.72222222222223,0.9166666666666666,3.4722222222222223,3.5277777777777777
free,60aad516e34718d318bfb44d,5,2.7777777777777777,87.94444444444444,1.0,3.7777777777777777,3.7777777777777777
free,60ac08be37cd5e98ab2d0037,1,2.696629213483146,77.37078651685393,0.5393258426966292,3.49438202247191,3.5168539325842696
free,60ac08be37cd5e98ab2d0037,2,2.712328767123288,75.20547945205479,0.5753424657534246,3.4657534246575343,3.5616438356164384
free,60ac08be37cd5e98ab2d0037,3,2.7777777777777777,73.22222222222223,0.6851851851851852,3.5,3.5
free,60ac08be37cd5e98ab2d0037,4,2.7777777777777777,75.05555555555556,0.8055555555555556,3.5,3.5
free,60ac08be37cd5e98ab2d0037,5,2.7777777777777777,75.16666666666667,0.8333333333333334,3.5,3.5
free,60adebdc89324b1cb4822215,1,2.6956521739130435,73.76086956521739,0.5760869565217391,3.4782608695652173,3.5217391304347827
free,60adebdc89324b1cb4822215,2,2.757142857142857,77.01428571428572,0.6285714285714286,3.4571428571428573,3.4857142857142858
free,60adebdc89324b1cb4822215,3,2.6666666666666665,73.66666666666667,0.7037037037037037,3.5,3.5
free,60adebdc89324b1cb4822215,4,2.7027027027027026,80.86486486486487,0.7027027027027027,3.5405405405405403,3.5675675675675675
free,60adebdc89324b1cb4822215,5,2.6470588235294117,72.82352941176471,0.8823529411764706,3.6470588235294117,3.6470588235294117
free,60b2827157e043215e6f997e,1,2.5806451612903225,77.95698924731182,0.4731182795698925,3.4516129032258065,3.5591397849462365
free,60b2827157e043215e6f997e,2,2.6,71.72857142857143,0.5142857142857142,3.414285714285714,3.4714285714285715
free,60b2827157e043215e6f997e,3,2.6666666666666665,78.22222222222223,0.6111111111111112,3.5,3.5
free,60b2827157e043215e6f997e,4,2.6285714285714286,70.88571428571429,0.6571428571428571,3.4285714285714284,3.4571428571428573
free,60b2827157e043215e6f997e,5,2.6666666666666665,78.27777777777777,0.6111111111111112,3.5,3.5
free,60b346569670ffa9c825751d,1,2.191011235955056,72.82022471910112,0.5280898876404494,3.50561797752809,3.4831460674157304
free,60b346569670ffa9c825751d,2,2.1805555555555554,79.77777777777777,0.5833333333333334,3.5694444444444446,3.4305555555555554
free,60b346569670ffa9c825751d,3,2.1636363636363636,73.72727272727273,0.6363636363636364,3.5454545454545454,3.5090909090909093
free,60b346569670ffa9c825751d,4,2.1944444444444446,78.0,0.7777777777777778,3.5,3.5
free,60b346569670ffa9c825751d,5,2.2777777777777777,72.05555555555556,0.9444444444444444,3.5,3.5
free,60be8efc2d564bcd4c8896b4,1,2.651685393258427,75.0,0.6067415730337079,3.49438202247191,3.5168539325842696
free,60be8efc2d564bcd4c8896b4,2,2.6056338028169015,77.46478873239437,0.7464788732394366,3.5211267605633805,3.507042253521127
free,60be8efc2d564bcd4c8896b4,3,2.6363636363636362,75.96363636363637,0.7272727272727273,3.5090909090909093,3.5454545454545454
free,60be8efc2d564bcd4c8896b4,4,2.6216216216216215,72.08108108108108,0.8648648648648649,3.4324324324324325,3.4594594594594597
free,60be8efc2d564bcd4c8896b4,5,2.6666666666666665,75.83333333333333,0.8333333333333334,3.5,3.5
free,60bf088e3b1f2de4d3895eee,1,2.6555555555555554,77.11111111111111,0.6666666666666666,3.422222222222222,3.5555555555555554
free,60bf088e3b1f2de4d3895eee,2,2.675675675675676,78.14864864864865,0.5945945945945946,3.4324324324324325,3.4594594594594597
free,60bf088e3b1f2de4d3895eee,3,2.6923076923076925,76.90384615384616,0.7884615384615384,3.5576923076923075,3.5576923076923075
free,60bf088e3b1f2de4d3895eee,4,2.638888888888889,64.38888888888889,0.6666666666666666,3.638888888888889,3.5833333333333335
free,60bf088e3b1f2de4d3895eee,5,2.7058823529411766,74.11764705882354,0.8235294117647058,3.6470588235294117,3.6470588235294117
free,60c75eb8c7c62c1cabd3f275,1,2.6292134831460676,75.2247191011236,0.449438202247191,3.438202247191011,3.550561797752809
free,60c75eb8c7c62c1cabd3f275,2,2.6619718309859155,71.54929577464789,0.5774647887323944,3.507042253521127,3.5211267605633805
free,60c75eb8c7c62c1cabd3f275,3,2.6666666666666665,80.77777777777777,0.5925925925925926,3.5,3.5
free,60c75eb8c7c62c1cabd3f275,4,2.6216216216216215,79.10810810810811,0.6756756756756757,3.4324324324324325,3.4594594594594597
free,60c75eb8c7c62c1cabd3f275,5,2.6666666666666665,70.33333333333333,0.5555555555555556,3.5,3.5
free,60d0de75282711f66dce1d3c,1,2.6956521739130435,75.79347826086956,0.5978260869565217,3.489130434782609,3.532608695652174
free,60d0de75282711f66dce1d3c,2,2.6666666666666665,76.86111111111111,0.6666666666666666,3.5,3.5
free,60d0de75282711f66dce1d3c,3,2.660377358490566,73.60377358490567,0.6792452830188679,3.452830188679245,3.490566037735849
free,60d0de75282711f66dce1d3c,4,2.6666666666666665,78.94444444444444,0.7777777777777778,3.5,3.5
free,60d0de75282711f66dce1d3c,5,2.6470588235294117,66.76470588235294,0.5882352941176471,3.3529411764705883,3.3529411764705883
free,60dc72e0ecbf8af03b214ced,1,2.7032967032967035,75.37362637362638,0.5714285714285714,3.4835164835164836,3.5054945054945055
free,60dc72e0ecbf8af03b214ced,2,2.608695652173913,73.89855072463769,0.6666666666666666,3.5072463768115942,3.463768115942029
free,60dc72e0ecbf8af03b214ced,3,2.642857142857143,78.875,0.7321428571428571,3.482142857142857,3.517857142857143
free,60dc72e0ecbf8af03b214ced,4,2.6486486486486487,75.72972972972973,0.6216216216216216,3.5675675675675675,3.5405405405405403
free,60dc72e0ecbf8af03b214ced,5,2.5294117647058822,71.05882352941177,0.7058823529411765,3.3529411764705883,3.3529411764705883
free,60dc9d77f88945d66d46966c,1,2.6818181818181817,72.9659090909091,0.6704545454545454,3.4886363636363638,3.5113636363636362
free,60dc9d77f88945d66d46966c,2,2.68,78.4,0.8266666666666667,3.506666666666667,3.52
free,60dc9d77f88945d66d46966c,3,2.690909090909091,76.0909090909091,0.8545454545454545,3.4363636363636365,3.4
free,60dc9d77f88945d66d46966c,4,2.7142857142857144,77.14285714285714,0.9428571428571428,3.6,3.5142857142857142
free,60dc9d77f88945d66d46966c,5,2.5294117647058822,70.52941176470588,0.8823529411764706,3.3529411764705883,3.3529411764705883
free,60dcda8692f09f402fad8566,1,3.0,76.87777777777778,0.6555555555555556,3.477777777777778,3.522222222222222
free,60dcda8692f09f402fad8566,2,3.0,76.56164383561644,0.684931506849315,3.506849315068493,3.5205479452054793
free,60dcda8692f09f402fad8566,3,2.9622641509433962,75.33962264150944,0.7547169811320755,3.509433962264151,3.547169811320755
free,60dcda8692f09f402fad8566,4,2.942857142857143,73.68571428571428,0.9142857142857143,3.5714285714285716,3.5428571428571427
free,60dcda8692f09f402fad8566,5,3.0,70.94444444444444,0.8888888888888888,3.5,3.5
free,60dd4616c232b68493415fb9,1,2.5384615384615383,74.85714285714286,0.5274725274725275,3.4065934065934065,3.5384615384615383
free,60dd4616c232b68493415fb9,2,2.5945945945945947,79.43243243243244,0.5945945945945946,3.554054054054054,3.554054054054054
free,60dd4616c232b68493415fb9,3,2.519230769230769,75.88461538461539,0.6153846153846154,3.5,3.5
free,60dd4616c232b68493415fb9,4,2.5588235294117645,62.73529411764706,0.7058823529411765,3.6176470588235294,3.6176470588235294
free,60dd4616c232b68493415fb9,5,2.6315789473684212,85.05263157894737,0.8947368421052632,3.6315789473684212,3.6315789473684212
free,60e2577f8c52db9d1fb5ffac,1,2.625,73.45454545454545,0.625,3.477272727272727,3.522727272727273
free,60e2577f8c52db9d1fb5ffac,2,2.643835616438356,79.32876712328768,0.7808219178082192,3.4383561643835616,3.4794520547945207
free,60e2577f8c52db9d1fb5ffac,3,2.6037735849056602,70.35849056603773,0.8867924528301887,3.547169811320755,3.509433962264151
free,60e2577f8c52db9d1fb5ffac,4,2.6842105263157894,81.5,0.8421052631578947,3.3947368421052633,3.3947368421052633
free,60e2577f8c52db9d1fb5ffac,5,2.6666666666666665,72.44444444444444,1.0,3.5,3.5
free,60eeb9d36a7364ce4723b8bd,1,2.5730337078651684,73.11235955056179,0.6179775280898876,3.4719101123595504,3.5168539325842696
free,60eeb9d36a7364ce4723b8bd,2,2.6027397260273974,79.97260273972603,0.8082191780821918,3.493150684931507,3.4246575342465753
free,60eeb9d36a7364ce4723b8bd,3,2.607142857142857,77.01785714285714,0.875,3.4642857142857144,3.5357142857142856
free,60eeb9d36a7364ce4723b8bd,4,2.6285714285714286,75.97142857142858,1.0,3.4571428571428573,3.4285714285714284
free,60eeb9d36a7364ce4723b8bd,5,2.6470588235294117,62.8235294117647,1.0,3.6470588235294117,3.6470588235294117
free,60f816ff1fa74fcfab532378,1,2.933333333333333,78.22222222222223,0.6,3.511111111111111,3.466666666666667
free,60f816ff1fa74fcfab532378,2,2.9863013698630136,76.47945205479452,0.8082191780821918,3.452054794520548,3.5205479452054793
free,60f816ff1fa74fcfab532378,3,2.9444444444444446,73.68518518518519,0.9259259259259259,3.537037037037037,3.574074074074074
free,60f816ff1fa74fcfab532378,4,2.9444444444444446,74.16666666666667,0.9166666666666666,3.5,3.5
free,60f816ff1fa74fcfab532378,5,2.8823529411764706,65.47058823529412,1.0,3.3529411764705883,3.3529411764705883
free,60febe4bb7d1055665da0413,1,2.5824175824175826,77.10989010989012,0.6373626373626373,3.5164835164835164,3.4945054945054945
free,60febe4bb7d1055665da0413,2,2.5277777777777777,76.68055555555556,0.8472222222222222,3.5416666666666665,3.4583333333333335
free,60febe4bb7d1055665da0413,3,2.547169811320755,71.56603773584905,0.8490566037735849,3.547169811320755,3.509433962264151
free,60febe4bb7d1055665da0413,4,2.5555555555555554,76.77777777777777,0.9166666666666666,3.5,3.5
free,60febe4bb7d1055665da0413,5,2.4444444444444446,71.66666666666667,0.8333333333333334,3.5,3.5
free,6104f643566bca4643370eba,1,3.022222222222222,73.88888888888889,0.6,3.533333333333333,3.488888888888889
free,6104f643566bca4643370eba,2,3.0,75.47222222222223,0.5972222222222222,3.5,3.5
free,6104f643566bca4643370eba,3,2.982142857142857,79.39285714285714,0.7142857142857143,3.4464285714285716,3.4464285714285716
free,6104f643566bca4643370eba,4,3.0,73.55882352941177,0.47058823529411764,3.5,3.5
free,6104f643566bca4643370eba,5,3.0555555555555554,75.22222222222223,0.8333333333333334,3.2222222222222223,3.2222222222222223
free,611bf01adb826b006f4a82ef,1,1.7303370786516854,73.91011235955057,0.5955056179775281,3.50561797752809,3.4831460674157304
free,611bf01adb826b006f4a82ef,2,1.7638888888888888,71.875,0.75,3.5,3.5
free,611bf01adb826b006f4a82ef,3,1.7222222222222223,80.0,0.9074074074074074,3.574074074074074,3.537037037037037
free,611bf01adb826b006f4a82ef,4,1.7297297297297298,78.72972972972973,0.918918918918919,3.5945945945945947,3.5135135135135136
free,611bf01adb826b006f4a82ef,5,1.7222222222222223,77.72222222222223,0.9444444444444444,3.2222222222222223,3.2222222222222223
free,613b6a72b9d5544fcb6abf7a,1,2.6847826086956523,72.03260869565217,0.4891304347826087,3.510869565217391,3.467391304347826
free,613b6a72b9d5544fcb6abf7a,2,2.638888888888889,75.86111111111111,0.6666666666666666,3.4722222222222223,3.5833333333333335
free,613b6a72b9d5544fcb6abf7a,3,2.7358490566037736,82.62264150943396,0.7735849056603774,3.660377358490566,3.509433962264151
free,613b6a72b9d5544fcb6abf7a,4,2.676470588235294,69.52941176470588,0.9117647058823529,3.5,3.5
free,613b6a72b9d5544fcb6abf7a,5,2.6842105263157894,81.73684210526316,0.8947368421052632,3.6315789473684212,3.6315789473684212
free,6151e69a392433707e7a9dfb,1,2.6292134831460676,72.79775280898876,0.5955056179775281,3.449438202247191,3.539325842696629
free,6151e69a392433707e7a9dfb,2,2.676056338028169,76.28169014084507,0.7464788732394366,3.436619718309859,3.535211267605634
free,6151e69a392433707e7a9dfb,3,2.690909090909091,80.30909090909091,0.9090909090909091,3.5454545454545454,3.5090909090909093
free,6151e69a392433707e7a9dfb,4,2.6486486486486487,75.67567567567568,0.8648648648648649,3.6486486486486487,3.675675675675676
free,6151e69a392433707e7a9dfb,5,2.611111111111111,70.72222222222223,0.9444444444444444,3.5,3.5
free,6235af56808f1fc2e7b57c6a,1,2.0681818181818183,77.10227272727273,0.42045454545454547,3.477272727272727,3.5
free,6235af56808f1fc2e7b57c6a,2,2.0821917808219177,71.34246575342466,0.5205479452054794,3.506849315068493,3.4657534246575343
free,6235af56808f1fc2e7b57c6a,3,2.056603773584906,76.43396226415095,0.6415094339622641,3.3773584905660377,3.452830188679245
free,6235af56808f1fc2e7b57c6a,4,2.081081081081081,80.78378378378379,0.5945945945945946,3.4594594594594597,3.4324324324324325
free,6235af56808f1fc2e7b57c6a,5,2.1578947368421053,71.15789473684211,0.7368421052631579,3.3684210526315788,3.3684210526315788
free,629f6b8c65fcae219e245284,1,2.404494382022472,77.53932584269663,0.5393258426966292,3.5280898876404496,3.460674157303371
free,629f6b8c65fcae219e245284,2,2.3285714285714287,71.62857142857143,0.5285714285714286,3.4857142857142858,3.4571428571428573
free,629f6b8c65fcae219e245284,3,2.517857142857143,73.96428571428571,0.75,3.5357142857142856,3.4642857142857144
free,629f6b8c65fcae219e245284,4,2.526315789473684,82.92105263157895,0.8421052631578947,3.3947368421052633,3.3947368421052633
free,629f6b8c65fcae219e245284,5,2.4705882352941178,69.23529411764706,0.9411764705882353,3.0588235294117645,3.0588235294117645
free,62e234304cf51f62d5ee3e48,1,1.8681318681318682,77.08791208791209,0.5714285714285714,3.4725274725274726,3.5384615384615383
free,62e234304cf51f62d5ee3e48,2,1.945945945945946,75.35135135135135,0.6891891891891891,3.4864864864864864,3.5135135135135136
free,62e234304cf51f62d5ee3e48,3,1.8333333333333333,76.5,0.7592592592592593,3.537037037037037,3.462962962962963
free,62e234304cf51f62d5ee3e48,4,1.8181818181818181,70.24242424242425,0.8181818181818182,3.3636363636363638,3.272727272727273
free,62e234304cf51f62d5ee3e48,5,1.8333333333333333,74.72222222222223,0.8888888888888888,3.5,3.5
free,62f2b6fdc1d275d246cba59b,1,2.182795698924731,73.66666666666667,0.6451612903225806,3.4193548387096775,3.5698924731182795
free,62f2b6fdc1d275d246cba59b,2,2.111111111111111,77.29166666666667,0.7361111111111112,3.4722222222222223,3.4722222222222223
free,62f2b6fdc1d275d246cba59b,3,2.0980392156862746,72.05882352941177,0.803921568627451,3.5294117647058822,3.5294117647058822
free,62f2b6fdc1d275d246cba59b,4,2.1666666666666665,72.33333333333333,0.9444444444444444,3.5833333333333335,3.638888888888889
free,62f2b6fdc1d275d246cba59b,5,2.0,93.88888888888889,1.0,3.5,3.5
free,62fbfd31ea1ec50c0bd3b135,1,2.6666666666666665,78.46666666666667,0.4222222222222222,3.422222222222222,3.5555555555555554
free,62fbfd31ea1ec50c0bd3b135,2,2.6666666666666665,72.27777777777777,0.5138888888888888,3.4722222222222223,3.4722222222222223
free,62fbfd31ea1ec50c0bd3b135,3,2.7222222222222223,79.70370370370371,0.5,3.462962962962963,3.537037037037037
free,62fbfd31ea1ec50c0bd3b135,4,2.638888888888889,71.58333333333333,0.3888888888888889,3.5833333333333335,3.638888888888889
free,62fbfd31ea1ec50c0bd3b135,5,2.611111111111111,68.77777777777777,0.6666666666666666,3.5,3.5
free,6365862b94f7a68a41f98574,1,2.5842696629213484,76.64044943820225,0.5730337078651685,3.49438202247191,3.49438202247191
free,6365862b94f7a68a41f98574,2,2.625,78.05555555555556,0.75,3.513888888888889,3.5416666666666665
free,6365862b94f7a68a41f98574,3,2.6666666666666665,71.79629629629629,0.8888888888888888,3.5,3.5
free,6365862b94f7a68a41f98574,4,2.6216216216216215,69.64864864864865,0.8918918918918919,3.5405405405405403,3.5675675675675675
free,6365862b94f7a68a41f98574,5,2.6666666666666665,82.77777777777777,0.8888888888888888,3.5,3.5
free,63879ab8ec8da4b78d403ce8,1,2.7282608695652173,73.47826086956522,0.5217391304347826,3.467391304347826,3.532608695652174
free,63879ab8ec8da4b78d403ce8,2,2.8,81.52857142857142,0.6142857142857143,3.4857142857142858,3.5142857142857142
free,63879ab8ec8da4b78d403ce8,3,2.769230769230769,65.73076923076923,0.75,3.5,3.5
free,63879ab8ec8da4b78d403ce8,4,2.72972972972973,82.05405405405405,0.7027027027027027,3.324324324324324,3.3513513513513513
free,63879ab8ec8da4b78d403ce8,5,2.8421052631578947,77.05263157894737,0.7894736842105263,3.3684210526315788,3.3684210526315788
free,63b844da85fc3b1d33b69ecc,1,2.6444444444444444,80.57777777777778,0.43333333333333335,3.477777777777778,3.522222222222222
free,63b844da85fc3b1d33b69ecc,2,2.6621621621621623,76.52702702702703,0.5,3.472972972972973,3.472972972972973
free,63b844da85fc3b1d33b69ecc,3,2.7735849056603774,73.66037735849056,0.41509433962264153,3.4716981132075473,3.4716981132075473
free,63b844da85fc3b1d33b69ecc,4,2.7941176470588234,62.911764705882355,0.47058823529411764,3.5588235294117645,3.4411764705882355
free,63b844da85fc3b1d33b69ecc,5,2.6842105263157894,75.10526315789474,0.631578947368421,3.3684210526315788,3.3684210526315788
free,63bb4a3a48b487f62234debe,1,2.4186046511627906,73.73255813953489,0.6162790697674418,3.4302325581395348,3.5697674418604652
free,63bb4a3a48b487f62234debe,2,2.3943661971830985,73.56338028169014,0.7323943661971831,3.4225352112676055,3.492957746478873
free,63bb4a3a48b487f62234debe,3,2.491228070175439,76.0,0.7894736842105263,3.43859649122807,3.4035087719298245
free,63bb4a3a48b487f62234debe,4,2.5,80.02631578947368,0.868421052631579,3.526315789473684,3.473684210526316
free,63bb4a3a48b487f62234debe,5,2.388888888888889,80.44444444444444,0.9444444444444444,3.2222222222222223,3.2222222222222223
free,63cff252bc47898bf54b1c3e,1,2.4175824175824174,77.0,0.6043956043956044,3.5714285714285716,3.3956043956043955
free,63cff252bc47898bf54b1c3e,2,2.513888888888889,77.31944444444444,0.7916666666666666,3.4305555555555554,3.5694444444444446
free,63cff252bc47898bf54b1c3e,3,2.5,73.72222222222223,0.8888888888888888,3.462962962962963,3.425925925925926
free,63cff252bc47898bf54b1c3e,4,2.5,73.75,0.7777777777777778,3.5,3.5
free,63cff252bc47898bf54b1c3e,5,2.411764705882353,69.11764705882354,0.7647058823529411,3.6470588235294117,3.6470588235294117
free,63d1224219b8af30f1dca3c0,1,2.5,76.07777777777778,0.4777777777777778,3.5,3.5
free,63d1224219b8af30f1dca3c0,2,2.5,75.62162162162163,0.6351351351351351,3.445945945945946,3.5
free,63d1224219b8af30f1dca3c0,3,2.490566037735849,74.47169811320755,0.6415094339622641,3.5283018867924527,3.5283018867924527
free,63d1224219b8af30f1dca3c0,4,2.4,76.14285714285714,0.6857142857142857,3.657142857142857,3.6857142857142855
free,63d1224219b8af30f1dca3c0,5,2.388888888888889,73.88888888888889,0.8888888888888888,3.7777777777777777,3.7777777777777777
free,63d13b740d6c5fa4a1128aed,1,2.5842696629213484,75.76404494382022,0.6067415730337079,3.550561797752809,3.460674157303371
free,63d13b740d6c5fa4a1128aed,2,2.6027397260273974,75.28767123287672,0.6575342465753424,3.4657534246575343,3.452054794520548
free,63d13b740d6c5fa4a1128aed,3,2.5961538461538463,75.8076923076923,0.7307692307692307,3.576923076923077,3.6538461538461537
free,63d13b740d6c5fa4a1128aed,4,2.5675675675675675,72.08108108108108,0.8108108108108109,3.5675675675675675,3.5405405405405403
free,63d13b740d6c5fa4a1128aed,5,2.5789473684210527,80.89473684210526,0.8421052631578947,3.3684210526315788,3.3684210526315788
free,63d197b56c5f5de261f50cd4,1,2.697674418604651,76.53488372093024,0.5348837209302325,3.5232558139534884,3.5
free,63d197b56c5f5de261f50cd4,2,2.689189189189189,76.33783783783784,0.5675675675675675,3.608108108108108,3.5
free,63d197b56c5f5de261f50cd4,3,2.709090909090909,72.76363636363637,0.6545454545454545,3.4727272727272727,3.4727272727272727
free,63d197b56c5f5de261f50cd4,4,2.6842105263157894,78.94736842105263,0.7368421052631579,3.5,3.5
free,63d197b56c5f5de261f50cd4,5,2.7058823529411766,67.76470588235294,0.8823529411764706,3.3529411764705883,3.3529411764705883
free,63d284f85392896193d9c8ef,1,2.340659340659341,80.03296703296704,0.5604395604395604,3.5494505494505493,3.3956043956043955
free,63d284f85392896193d9c8ef,2,2.3333333333333335,68.1304347826087,0.7681159420289855,3.4782608695652173,3.4927536231884058
free,63d284f85392896193d9c8ef,3,2.4210526315789473,73.40350877192982,0.8947368421052632,3.508771929824561,3.543859649122807
free,63d284f85392896193d9c8ef,4,2.2941176470588234,83.52941176470588,1.0,3.5,3.5
free,63d284f85392896193d9c8ef,5,2.3157894736842106,72.47368421052632,0.8947368421052632,3.3684210526315788,3.3684210526315788
free,63d7a6bd88c110589801cbf8,1,2.4468085106382977,77.84042553191489,0.574468085106383,3.425531914893617,3.574468085106383
free,63d7a6bd88c110589801cbf8,2,2.4722222222222223,75.13888888888889,0.6666666666666666,3.5694444444444446,3.5972222222222223
free,63d7a6bd88c110589801cbf8,3,2.4074074074074074,76.96296296296296,0.8888888888888888,3.611111111111111,3.611111111111111
free,63d7a6bd88c110589801cbf8,4,2.3823529411764706,70.20588235294117,0.9411764705882353,3.5,3.5
free,63d7a6bd88c110589801cbf8,5,2.5625,69.6875,0.9375,3.8125,3.8125
free,63d9115807675df2e7864454,1,2.3707865168539324,72.19101123595506,0.5393258426966292,3.539325842696629,3.4719101123595504
free,63d9115807675df2e7864454,2,2.492957746478873,76.61971830985915,0.6197183098591549,3.5774647887323945,3.507042253521127
free,63d9115807675df2e7864454,3,2.3703703703703702,75.88888888888889,0.7407407407407407,3.5555555555555554,3.5555555555555554
free,63d9115807675df2e7864454,4,2.4210526315789473,82.1842105263158,0.7631578947368421,3.3947368421052633,3.3947368421052633
free,63d9115807675df2e7864454,5,2.3333333333333335,72.16666666666667,0.7777777777777778,3.5,3.5
free,63ea973cedc5110966e26d36,1,2.651685393258427,76.14606741573034,0.6853932584269663,3.5168539325842696,3.4719101123595504
free,63ea973cedc5110966e26d36,2,2.671232876712329,78.82191780821918,0.684931506849315,3.506849315068493,3.4657534246575343
free,63ea973cedc5110966e26d36,3,2.6666666666666665,72.33333333333333,0.8888888888888888,3.5,3.5
free,63ea973cedc5110966e26d36,4,2.6666666666666665,74.66666666666667,0.9166666666666666,3.5,3.5
free,63ea973cedc5110966e26d36,5,2.6666666666666665,70.0,0.8888888888888888,3.5,3.5
free,63f38679dc4fae15ba49de24,1,2.9213483146067416,73.17977528089888,0.6179775280898876,3.404494382022472,3.561797752808989
free,63f38679dc4fae15ba49de24,2,2.9014084507042255,69.22535211267606,0.5915492957746479,3.5211267605633805,3.507042253521127
free,63f38679dc4fae15ba49de24,3,2.912280701754386,82.64912280701755,0.7192982456140351,3.4035087719298245,3.43859649122807
free,63f38679dc4fae15ba49de24,4,2.9166666666666665,83.30555555555556,0.7222222222222222,3.611111111111111,3.611111111111111
free,63f38679dc4fae15ba49de24,5,2.9411764705882355,73.3529411764706,0.8823529411764706,3.6470588235294117,3.6470588235294117
free,63f50af2c1c4e936e812b6f6,1,2.6263736263736264,77.12087912087912,0.5274725274725275,3.5604395604395602,3.4505494505494507
free,63f50af2c1c4e936e812b6f6,2,2.6338028169014085,73.63380281690141,0.5492957746478874,3.464788732394366,3.507042253521127
free,63f50af2c1c4e936e812b6f6,3,2.611111111111111,75.33333333333333,0.46296296296296297,3.5555555555555554,3.5555555555555554
free,63f50af2c1c4e936e812b6f6,4,2.6666666666666665,78.86111111111111,0.3611111111111111,3.5,3.5
free,63f50af2c1c4e936e812b6f6,5,2.6666666666666665,68.44444444444444,0.5555555555555556,3.5,3.5
free,63f779740de2ae5b2620cec4,1,2.550561797752809,74.6067415730337,0.7078651685393258,3.5168539325842696,3.4719101123595504
free,63f779740de2ae5b2620cec4,2,2.5405405405405403,77.71621621621621,0.8378378378378378,3.418918918918919,3.581081081081081
free,63f779740de2ae5b2620cec4,3,2.4901960784313726,73.66666666666667,0.8823529411764706,3.5294117647058822,3.5294117647058822
free,63f779740de2ae5b2620cec4,4,2.5,70.13888888888889,0.9444444444444444,3.5277777777777777,3.4722222222222223
free,63f779740de2ae5b2620cec4,5,2.5,85.6,0.9,3.5,3.5
interleaved,56a757a95ad8d9000c970c76,1,2.6666666666666665,76.36666666666666,0.5888888888888889,3.5,3.5
interleaved,56a757a95ad8d9000c970c76,2,2.6666666666666665,76.63888888888889,0.75,3.5,3.5
interleaved,56a757a95ad8d9000c970c76,3,2.6666666666666665,73.16666666666667,0.8888888888888888,3.5,3.5
interleaved,56a757a95ad8d9000c970c76,4,2.6666666666666665,76.19444444444444,0.9166666666666666,3.5,3.5
interleaved,56a757a95ad8d9000c970c76,5,2.6666666666666665,72.22222222222223,0.9444444444444444,3.5,3.5
interleaved,577e3a5025cb71000128727e,1,2.6666666666666665,73.94444444444444,0.5777777777777777,3.5,3.5
interleaved,577e3a5025cb71000128727e,2,2.6666666666666665,80.45833333333333,0.6805555555555556,3.5,3.5
interleaved,577e3a5025cb71000128727e,3,2.6666666666666665,77.37037037037037,0.7222222222222222,3.5,3.5
interleaved,577e3a5025cb71000128727e,4,2.6666666666666665,67.5,0.8333333333333334,3.5,3.5
interleaved,577e3a5025cb71000128727e,5,2.6666666666666665,73.83333333333333,0.7777777777777778,3.5,3.5
interleaved,57a36f499bd3d70001e5230e,1,2.6666666666666665,75.84444444444445,0.5666666666666667,3.5,3.5
interleaved,57a36f499bd3d70001e5230e,2,2.6666666666666665,77.22222222222223,0.6388888888888888,3.5,3.5
interleaved,57a36f499bd3d70001e5230e,3,2.6666666666666665,75.88888888888889,0.7037037037037037,3.5,3.5
interleaved,57a36f499bd3d70001e5230e,4,2.6666666666666665,69.5,0.7777777777777778,3.5,3.5
interleaved,57a36f499bd3d70001e5230e,5,2.6666666666666665,77.72222222222223,0.7777777777777778,3.5,3.5
interleaved,5870336cdb3e720001e230cd,1,2.6666666666666665,75.15555555555555,0.5444444444444444,3.5,3.5
interleaved,5870336cdb3e720001e230cd,2,2.6666666666666665,70.95833333333333,0.625,3.5,3.5
interleaved,5870336cdb3e720001e230cd,3,2.6666666666666665,75.70370370370371,0.7777777777777778,3.5,3.5
interleaved,5870336cdb3e720001e230cd,4,2.6666666666666665,88.16666666666667,0.8611111111111112,3.5,3.5
interleaved,5870336cdb3e720001e230cd,5,2.6666666666666665,69.44444444444444,0.8333333333333334,3.5,3.5
interleaved,58f34b88c40b7e0001099c8e,1,2.6666666666666665,78.95555555555555,0.5888888888888889,3.5,3.5
interleaved,58f34b88c40b7e0001099c8e,2,2.6666666666666665,79.44444444444444,0.7083333333333334,3.5,3.5
interleaved,58f34b88c40b7e0001099c8e,3,2.6666666666666665,68.16666666666667,0.7777777777777778,3.5,3.5
interleaved,58f34b88c40b7e0001099c8e,4,2.6666666666666665,73.05555555555556,0.7222222222222222,3.5,3.5
interleaved,58f34b88c40b7e0001099c8e,5,2.6666666666666665,69.33333333333333,0.8888888888888888,3.5,3.5
interleaved,593f105f02d1cc0001071a72,1,2.6666666666666665,75.76666666666667,0.5333333333333333,3.5,3.5
interleaved,593f105f02d1cc0001071a72,2,2.6666666666666665,73.20833333333333,0.6527777777777778,3.5,3.5
interleaved,593f105f02d1cc0001071a72,3,2.6666666666666665,81.0,0.6481481481481481,3.5,3.5
interleaved,593f105f02d1cc0001071a72,4,2.6666666666666665,73.75,0.8055555555555556,3.5,3.5
interleaved,593f105f02d1cc0001071a72,5,2.6666666666666665,70.33333333333333,0.7222222222222222,3.5,3.5
interleaved,59712abaafd8a4000160ff35,1,2.6666666666666665,76.06666666666666,0.6333333333333333,3.5,3.5
interleaved,59712abaafd8a4000160ff35,2,2.6666666666666665,77.56944444444444,0.8333333333333334,3.5,3.5
interleaved,59712abaafd8a4000160ff35,3,2.6666666666666665,74.61111111111111,0.8148148148148148,3.5,3.5
interleaved,59712abaafd8a4000160ff35,4,2.6666666666666665,74.97222222222223,0.9444444444444444,3.5,3.5
interleaved,59712abaafd8a4000160ff35,5,2.6666666666666665,68.11111111111111,0.9444444444444444,3.5,3.5
interleaved,5986038865326000012c1578,1,2.6666666666666665,77.08888888888889,0.5777777777777777,3.5,3.5
interleaved,5986038865326000012c1578,2,2.6666666666666665,75.0,0.5138888888888888,3.5,3.5
interleaved,5986038865326000012c1578,3,2.6666666666666665,74.51851851851852,0.6666666666666666,3.5,3.5
interleaved,5986038865326000012c1578,4,2.6666666666666665,75.72222222222223,0.75,3.5,3.5
interleaved,5986038865326000012c1578,5,2.6666666666666665,72.05555555555556,0.8333333333333334,3.5,3.5
interleaved,59a6aa43b2130b000179d303,1,2.6666666666666665,73.36666666666666,0.6,3.5,3.5
interleaved,59a6aa43b2130b000179d303,2,2.6666666666666665,75.65277777777777,0.8333333333333334,3.5,3.5
interleaved,59a6aa43b2130b000179d303,3,2.6666666666666665,77.48148148148148,0.8888888888888888,3.5,3.5
interleaved,59a6aa43b2130b000179d303,4,2.6666666666666665,74.05555555555556,0.9444444444444444,3.5,3.5
interleaved,59a6aa43b2130b000179d303,5,2.6666666666666665,82.5,0.9444444444444444,3.5,3.5
interleaved,5a04ccfef2e3460001edadef,1,2.6666666666666665,81.03333333333333,0.5555555555555556,3.5,3.5
interleaved,5a04ccfef2e3460001edadef,2,2.6666666666666665,75.0,0.5833333333333334,3.5,3.5
interleaved,5a04ccfef2e3460001edadef,3,2.6666666666666665,72.07407407407408,0.7222222222222222,3.5,3.5
interleaved,5a04ccfef2e3460001edadef,4,2.6666666666666665,69.75,0.6944444444444444,3.5,3.5
interleaved,5a04ccfef2e3460001edadef,5,2.6666666666666665,71.61111111111111,0.7777777777777778,3.5,3.5
interleaved,5a051341ff266c0001d1f915,1,2.6666666666666665,75.75555555555556,0.5777777777777777,3.5,3.5
interleaved,5a051341ff266c0001d1f915,2,2.6666666666666665,75.69444444444444,0.6388888888888888,3.5,3.5
interleaved,5a051341ff266c0001d1f915,3,2.6666666666666665,83.64814814814815,0.9074074074074074,3.5,3.5
interleaved,5a051341ff266c0001d1f915,4,2.6666666666666665,63.416666666666664,0.8611111111111112,3.5,3.5
interleaved,5a051341ff266c0001d1f915,5,2.6666666666666665,73.16666666666667,0.7222222222222222,3.5,3.5
interleaved,5a0c4184fe645f0001e9f5dd,1,2.6666666666666665,72.66666666666667,0.6111111111111112,3.5,3.5
interleaved,5a0c4184fe645f0001e9f5dd,2,2.6666666666666665,76.47222222222223,0.6805555555555556,3.5,3.5
interleaved,5a0c4184fe645f0001e9f5dd,3,2.6666666666666665,76.0,0.9629629629629629,3.5,3.5
interleaved,5a0c4184fe645f0001e9f5dd,4,2.6666666666666665,79.91666666666667,0.9444444444444444,3.5,3.5
interleaved,5a0c4184fe645f0001e9f5dd,5,2.6666666666666665,75.44444444444444,1.0,3.5,3.5
interleaved,5a50fab2f6c517000194760b,1,2.6666666666666665,73.47777777777777,0.5444444444444444,3.5,3.5
interleaved,5a50fab2f6c517000194760b,2,2.6666666666666665,77.66666666666667,0.6944444444444444,3.5,3.5
interleaved,5a50fab2f6c517000194760b,3,2.6666666666666665,73.18518518518519,0.7777777777777778,3.5,3.5
interleaved,5a50fab2f6c517000194760b,4,2.6666666666666665,77.08333333333333,0.8611111111111112,3.5,3.5
interleaved,5a50fab2f6c517000194760b,5,2.6666666666666665,80.72222222222223,0.8888888888888888,3.5,3.5
interleaved,5a606ae1eedc32000142ea79,1,2.6666666666666665,75.82222222222222,0.5666666666666667,3.5,3.5
interleaved,5a606ae1eedc32000142ea79,2,2.6666666666666665,75.75,0.6944444444444444,3.5,3.5
interleaved,5a606ae1eedc32000142ea79,3,2.6666666666666665,75.03703703703704,0.7407407407407407,3.5,3.5
interleaved,5a606ae1eedc32000142ea79,4,2.6666666666666665,75.94444444444444,0.8611111111111112,3.5,3.5
interleaved,5a606ae1eedc32000142ea79,5,2.6666666666666665,73.38888888888889,1.0,3.5,3.5
interleaved,5a840fcfb093f80001a7cf78,1,2.6666666666666665,75.41111111111111,0.5555555555555556,3.5,3.5
interleaved,5a840fcfb093f80001a7cf78,2,2.6666666666666665,74.27777777777777,0.5694444444444444,3.5,3.5
interleaved,5a840fcfb093f80001a7cf78,3,2.6666666666666665,76.14814814814815,0.6296296296296297,3.5,3.5
interleaved,5a840fcfb093f80001a7cf78,4,2.6666666666666665,76.80555555555556,0.7777777777777778,3.5,3.5
interleaved,5a840fcfb093f80001a7cf78,5,2.6666666666666665,76.27777777777777,0.6111111111111112,3.5,3.5
interleaved,5b0710e7a84dcf0001beee8a,1,2.6666666666666665,75.04444444444445,0.5,3.5,3.5
interleaved,5b0710e7a84dcf0001beee8a,2,2.6666666666666665,78.69444444444444,0.625,3.5,3.5
interleaved,5b0710e7a84dcf0001beee8a,3,2.6666666666666665,78.85185185185185,0.5185185185185185,3.5,3.5
interleaved,5b0710e7a84dcf0001beee8a,4,2.6666666666666665,65.69444444444444,0.6388888888888888,3.5,3.5
interleaved,5b0710e7a84dcf0001beee8a,5,2.6666666666666665,74.55555555555556,0.7777777777777778,3.5,3.5
interleaved,5ba1a06b0686690001f514ae,1,2.6666666666666665,74.25555555555556,0.7,3.5,3.5
interleaved,5ba1a06b0686690001f514ae,2,2.6666666666666665,75.69444444444444,0.875,3.5,3.5
interleaved,5ba1a06b0686690001f514ae,3,2.6666666666666665,73.42592592592592,0.8518518518518519,3.5,3.5
interleaved,5ba1a06b0686690001f514ae,4,2.6666666666666665,79.77777777777777,0.9722222222222222,3.5,3.5
interleaved,5ba1a06b0686690001f514ae,5,2.6666666666666665,78.61111111111111,1.0,3.5,3.5
interleaved,5bec4ebcf2dba6000166d420,1,2.6666666666666665,77.87777777777778,0.6333333333333333,3.5,3.5
interleaved,5bec4ebcf2dba6000166d420,2,2.6666666666666665,74.66666666666667,0.7638888888888888,3.5,3.5
interleaved,5bec4ebcf2dba6000166d420,3,2.6666666666666665,71.14814814814815,0.8148148148148148,3.5,3.5
interleaved,5bec4ebcf2dba6000166d420,4,2.6666666666666665,80.02777777777777,0.9444444444444444,3.5,3.5
interleaved,5bec4ebcf2dba6000166d420,5,2.6666666666666665,70.94444444444444,0.9444444444444444,3.5,3.5
interleaved,5c6ab741a70f0f0001607363,1,2.6666666666666665,74.25555555555556,0.6333333333333333,3.5,3.5
interleaved,5c6ab741a70f0f0001607363,2,2.6666666666666665,72.66666666666667,0.7083333333333334,3.5,3.5
interleaved,5c6ab741a70f0f0001607363,3,2.6666666666666665,76.25925925925925,0.8148148148148148,3.5,3.5
interleaved,5c6ab741a70f0f0001607363,4,2.6666666666666665,84.11111111111111,0.8611111111111112,3.5,3.5
interleaved,5c6ab741a70f0f0001607363,5,2.6666666666666665,73.55555555555556,0.7777777777777778,3.5,3.5
interleaved,5c82a5b5c2ceec0017199b48,1,2.6666666666666665,74.87777777777778,0.5777777777777777,3.5,3.5
interleaved,5c82a5b5c2ceec0017199b48,2,2.6666666666666665,74.34722222222223,0.6527777777777778,3.5,3.5
interleaved,5c82a5b5c2ceec0017199b48,3,2.6666666666666665,81.0,0.6296296296296297,3.5,3.5
interleaved,5c82a5b5c2ceec0017199b48,4,2.6666666666666665,70.91666666666667,0.75,3.5,3.5
interleaved,5c82a5b5c2ceec0017199b48,5,2.6666666666666665,75.88888888888889,0.7222222222222222,3.5,3.5
interleaved,5cb20f2d7c917b00172dfef5,1,2.6666666666666665,75.05555555555556,0.5444444444444444,3.5,3.5
interleaved,5cb20f2d7c917b00172dfef5,2,2.6666666666666665,74.08333333333333,0.7083333333333334,3.5,3.5
interleaved,5cb20f2d7c917b00172dfef5,3,2.6666666666666665,75.0925925925926,0.7962962962962963,3.5,3.5
interleaved,5cb20f2d7c917b00172dfef5,4,2.6666666666666665,79.36111111111111,0.8611111111111112,3.5,3.5
interleaved,5cb20f2d7c917b00172dfef5,5,2.6666666666666665,76.88888888888889,1.0,3.5,3.5
interleaved,5cf29f37329cee0019fe8188,1,2.6666666666666665,76.96666666666667,0.5111111111111111,3.5,3.5
interleaved,5cf29f37329cee0019fe8188,2,2.6666666666666665,74.79166666666667,0.5,3.5,3.5
interleaved,5cf29f37329cee0019fe8188,3,2.6666666666666665,76.38888888888889,0.7037037037037037,3.5,3.5
interleaved,5cf29f37329cee0019fe8188,4,2.6666666666666665,74.05555555555556,0.7222222222222222,3.5,3.5
interleaved,5cf29f37329cee0019fe8188,5,2.6666666666666665,71.22222222222223,0.7222222222222222,3.5,3.5
interleaved,5cfde288bab656000198b943,1,2.6666666666666665,77.06666666666666,0.6222222222222222,3.5,3.5
interleaved,5cfde288bab656000198b943,2,2.6666666666666665,72.5,0.7916666666666666,3.5,3.5
interleaved,5cfde288bab656000198b943,3,2.6666666666666665,76.12962962962963,0.8888888888888888,3.5,3.5
interleaved,5cfde288bab656000198b943,4,2.6666666666666665,80.72222222222223,0.8055555555555556,3.5,3.5
interleaved,5cfde288bab656000198b943,5,2.6666666666666665,67.33333333333333,0.9444444444444444,3.5,3.5
interleaved,5d52e15363bdb100010883f1,1,2.6666666666666665,80.17777777777778,0.5333333333333333,3.5,3.5
interleaved,5d52e15363bdb100010883f1,2,2.6666666666666665,70.02777777777777,0.5138888888888888,3.5,3.5
interleaved,5d52e15363bdb100010883f1,3,2.6666666666666665,74.05555555555556,0.6666666666666666,3.5,3.5
interleaved,5d52e15363bdb100010883f1,4,2.6666666666666665,76.52777777777777,0.6944444444444444,3.5,3.5
interleaved,5d52e15363bdb100010883f1,5,2.6666666666666665,76.27777777777777,0.7777777777777778,3.5,3.5
interleaved,5d53fd59f6d6da00011209c0,1,2.6666666666666665,75.55555555555556,0.6666666666666666,3.5,3.5
interleaved,5d53fd59f6d6da00011209c0,2,2.6666666666666665,75.125,0.7638888888888888,3.5,3.5
interleaved,5d53fd59f6d6da00011209c0,3,2.6666666666666665,73.75925925925925,0.9259259259259259,3.5,3.5
interleaved,5d53fd59f6d6da00011209c0,4,2.6666666666666665,74.66666666666667,0.9444444444444444,3.5,3.5
interleaved,5d53fd59f6d6da00011209c0,5,2.6666666666666665,83.61111111111111,1.0,3.5,3.5
interleaved,5d837955f1038a001f8d4ed6,1,2.6666666666666665,74.58888888888889,0.6444444444444445,3.5,3.5
interleaved,5d837955f1038a001f8d4ed6,2,2.6666666666666665,76.09722222222223,0.6944444444444444,3.5,3.5
interleaved,5d837955f1038a001f8d4ed6,3,2.6666666666666665,76.48148148148148,0.7222222222222222,3.5,3.5
interleaved,5d837955f1038a001f8d4ed6,4,2.6666666666666665,77.30555555555556,0.8333333333333334,3.5,3.5
interleaved,5d837955f1038a001f8d4ed6,5,2.6666666666666665,71.11111111111111,0.7222222222222222,3.5,3.5
interleaved,5de7900ceb1b0a6fe754b2c6,1,2.6666666666666665,74.53333333333333,0.45555555555555555,3.5,3.5
interleaved,5de7900ceb1b0a6fe754b2c6,2,2.6666666666666665,75.25,0.5138888888888888,3.5,3.5
interleaved,5de7900ceb1b0a6fe754b2c6,3,2.6666666666666665,78.96296296296296,0.48148148148148145,3.5,3.5
interleaved,5de7900ceb1b0a6fe754b2c6,4,2.6666666666666665,71.63888888888889,0.5277777777777778,3.5,3.5
interleaved,5de7900ceb1b0a6fe754b2c6,5,2.6666666666666665,78.66666666666667,0.3333333333333333,3.5,3.5
interleaved,5e4581956c3d44068924b616,1,2.6666666666666665,73.66666666666667,0.5222222222222223,3.5,3.5
interleaved,5e4581956c3d44068924b616,2,2.6666666666666665,75.66666666666667,0.6527777777777778,3.5,3.5
interleaved,5e4581956c3d44068924b616,3,2.6666666666666665,78.77777777777777,0.7037037037037037,3.5,3.5
interleaved,5e4581956c3d44068924b616,4,2.6666666666666665,71.27777777777777,0.7222222222222222,3.5,3.5
interleaved,5e4581956c3d44068924b616,5,2.6666666666666665,82.61111111111111,0.5,3.5,3.5
interleaved,5e54e72f4780844d1db7976d,1,2.6666666666666665,72.94444444444444,0.6222222222222222,3.5,3.5
interleaved,5e54e72f4780844d1db7976d,2,2.6666666666666665,74.48611111111111,0.7777777777777778,3.5,3.5
interleaved,5e54e72f4780844d1db7976d,3,2.6666666666666665,80.48148148148148,0.8148148148148148,3.5,3.5
interleaved,5e54e72f4780844d1db7976d,4,2.6666666666666665,74.41666666666667,0.9166666666666666,3.5,3.5
interleaved,5e54e72f4780844d1db7976d,5,2.6666666666666665,79.55555555555556,0.8888888888888888,3.5,3.5
interleaved,5e6a6d1f833f2d021f683ea7,1,2.6666666666666665,74.5,0.5666666666666667,3.5,3.5
interleaved,5e6a6d1f833f2d021f683ea7,2,2.6666666666666665,75.23611111111111,0.7222222222222222,3.5,3.5
interleaved,5e6a6d1f833f2d021f683ea7,3,2.6666666666666665,78.81481481481481,0.8333333333333334,3.5,3.5
interleaved,5e6a6d1f833f2d021f683ea7,4,2.6666666666666665,74.22222222222223,0.9722222222222222,3.5,3.5
interleaved,5e6a6d1f833f2d021f683ea7,5,2.6666666666666665,74.16666666666667,0.9444444444444444,3.5,3.5
interleaved,5e9fd839311b8018f88c99eb,1,2.6666666666666665,74.81111111111112,0.45555555555555555,3.5,3.5
interleaved,5e9fd839311b8018f88c99eb,2,2.6666666666666665,76.84722222222223,0.4305555555555556,3.5,3.5
interleaved,5e9fd839311b8018f88c99eb,3,2.6666666666666665,78.72222222222223,0.3888888888888889,3.5,3.5
interleaved,5e9fd839311b8018f88c99eb,4,2.6666666666666665,71.41666666666667,0.4166666666666667,3.5,3.5
interleaved,5e9fd839311b8018f88c99eb,5,2.6666666666666665,72.05555555555556,0.5,3.5,3.5
interleaved,5eda56d66594866448d580c8,1,2.6666666666666665,77.4,0.5666666666666667,3.5,3.5
interleaved,5eda56d66594866448d580c8,2,2.6666666666666665,79.79166666666667,0.6805555555555556,3.5,3.5
interleaved,5eda56d66594866448d580c8,3,2.6666666666666665,72.74074074074075,0.7592592592592593,3.5,3.5
interleaved,5eda56d66594866448d580c8,4,2.6666666666666665,68.94444444444444,0.7777777777777778,3.5,3.5
interleaved,5eda56d66594866448d580c8,5,2.6666666666666665,70.22222222222223,0.7777777777777778,3.5,3.5
interleaved,5efe04e9e399372b1b7ca8c0,1,2.6666666666666665,76.06666666666666,0.5222222222222223,3.5,3.5
interleaved,5efe04e9e399372b1b7ca8c0,2,2.6666666666666665,77.625,0.5972222222222222,3.5,3.5
interleaved,5efe04e9e399372b1b7ca8c0,3,2.6666666666666665,72.5925925925926,0.7222222222222222,3.5,3.5
interleaved,5efe04e9e399372b1b7ca8c0,4,2.6666666666666665,76.30555555555556,0.6944444444444444,3.5,3.5
interleaved,5efe04e9e399372b1b7ca8c0,5,2.6666666666666665,71.27777777777777,0.7777777777777778,3.5,3.5
interleaved,5f00d65cb69f9e20f144e404,1,2.6666666666666665,74.07777777777778,0.5111111111111111,3.5,3.5
interleaved,5f00d65cb69f9e20f144e404,2,2.6666666666666665,75.93055555555556,0.5694444444444444,3.5,3.5
interleaved,5f00d65cb69f9e20f144e404,3,2.6666666666666665,73.66666666666667,0.6666666666666666,3.5,3.5
interleaved,5f00d65cb69f9e20f144e404,4,2.6666666666666665,77.02777777777777,0.6944444444444444,3.5,3.5
interleaved,5f00d65cb69f9e20f144e404,5,2.6666666666666665,83.33333333333333,0.6666666666666666,3.5,3.5
interleaved,5f14606495f8a710716e860e,1,2.6666666666666665,73.73333333333333,0.4888888888888889,3.5,3.5
interleaved,5f14606495f8a710716e860e,2,2.6666666666666665,74.05555555555556,0.5694444444444444,3.5,3.5
interleaved,5f14606495f8a710716e860e,3,2.6666666666666665,76.22222222222223,0.5740740740740741,3.5,3.5
interleaved,5f14606495f8a710716e860e,4,2.6666666666666665,75.55555555555556,0.5555555555555556,3.5,3.5
interleaved,5f14606495f8a710716e860e,5,2.6666666666666665,87.83333333333333,0.5,3.5,3.5
interleaved,5f3059fc3b12674b7a637b97,1,2.6666666666666665,76.02222222222223,0.4777777777777778,3.5,3.5
interleaved,5f3059fc3b12674b7a637b97,2,2.6666666666666665,80.80555555555556,0.6666666666666666,3.5,3.5
interleaved,5f3059fc3b12674b7a637b97,3,2.6666666666666665,66.44444444444444,0.7407407407407407,3.5,3.5
interleaved,5f3059fc3b12674b7a637b97,4,2.6666666666666665,76.58333333333333,0.8333333333333334,3.5,3.5
interleaved,5f3059fc3b12674b7a637b97,5,2.6666666666666665,76.66666666666667,0.7777777777777778,3.5,3.5
interleaved,5f356cbffb4cea5170d04fd9,1,2.6666666666666665,76.14444444444445,0.6777777777777778,3.5,3.5
interleaved,5f356cbffb4cea5170d04fd9,2,2.6666666666666665,74.59722222222223,0.7638888888888888,3.5,3.5
interleaved,5f356cbffb4cea5170d04fd9,3,2.6666666666666665,73.16666666666667,0.7222222222222222,3.5,3.5
interleaved,5f356cbffb4cea5170d04fd9,4,2.6666666666666665,74.97222222222223,0.7777777777777778,3.5,3.5
interleaved,5f356cbffb4cea5170d04fd9,5,2.6666666666666665,83.94444444444444,1.0,3.5,3.5
interleaved,5f39a493da1ce1553328ebd9,1,2.6666666666666665,73.82222222222222,0.5888888888888889,3.5,3.5
interleaved,5f39a493da1ce1553328ebd9,2,2.6666666666666665,82.04166666666667,0.6944444444444444,3.5,3.5
interleaved,5f39a493da1ce1553328ebd9,3,2.6666666666666665,70.48148148148148,0.8703703703703703,3.5,3.5
interleaved,5f39a493da1ce1553328ebd9,4,2.6666666666666665,74.61111111111111,0.8888888888888888,3.5,3.5
interleaved,5f39a493da1ce1553328ebd9,5,2.6666666666666665,74.55555555555556,1.0,3.5,3.5
interleaved,5f4353966486995aadc7f6a3,1,2.6666666666666665,73.57777777777778,0.6222222222222222,3.5,3.5
interleaved,5f4353966486995aadc7f6a3,2,2.6666666666666665,73.45833333333333,0.6527777777777778,3.5,3.5
interleaved,5f4353966486995aadc7f6a3,3,2.6666666666666665,81.27777777777777,0.7962962962962963,3.5,3.5
interleaved,5f4353966486995aadc7f6a3,4,2.6666666666666665,77.83333333333333,0.8333333333333334,3.5,3.5
interleaved,5f4353966486995aadc7f6a3,5,2.6666666666666665,71.27777777777777,0.7777777777777778,3.5,3.5
interleaved,5f639c21192b540a86e6e559,1,2.6666666666666665,75.62222222222222,0.6222222222222222,3.5,3.5
interleaved,5f639c21192b540a86e6e559,2,2.6666666666666665,77.41666666666667,0.6527777777777778,3.5,3.5
interleaved,5f639c21192b540a86e6e559,3,2.6666666666666665,79.0,0.8333333333333334,3.5,3.5
interleaved,5f639c21192b540a86e6e559,4,2.6666666666666665,69.33333333333333,0.8055555555555556,3.5,3.5
interleaved,5f639c21192b540a86e6e559,5,2.6666666666666665,69.05555555555556,0.9444444444444444,3.5,3.5
interleaved,5f7c8d07b5861b0c4c5820ca,1,2.6666666666666665,76.27777777777777,0.5333333333333333,3.5,3.5
interleaved,5f7c8d07b5861b0c4c5820ca,2,2.6666666666666665,72.04166666666667,0.6527777777777778,3.5,3.5
interleaved,5f7c8d07b5861b0c4c5820ca,3,2.6666666666666665,76.01851851851852,0.7407407407407407,3.5,3.5
interleaved,5f7c8d07b5861b0c4c5820ca,4,2.6666666666666665,79.22222222222223,0.8611111111111112,3.5,3.5
interleaved,5f7c8d07b5861b0c4c5820ca,5,2.6666666666666665,76.44444444444444,0.6666666666666666,3.5,3.5
interleaved,5f8836a5fb70462a169fc0ac,1,2.6666666666666665,73.83333333333333,0.6777777777777778,3.5,3.5
interleaved,5f8836a5fb70462a169fc0ac,2,2.6666666666666665,77.36111111111111,0.7916666666666666,3.5,3.5
interleaved,5f8836a5fb70462a169fc0ac,3,2.6666666666666665,76.01851851851852,0.7222222222222222,3.5,3.5
interleaved,5f8836a5fb70462a169fc0ac,4,2.6666666666666665,78.25,0.8611111111111112,3.5,3.5
interleaved,5f8836a5fb70462a169fc0ac,5,2.6666666666666665,69.33333333333333,0.8333333333333334,3.5,3.5
interleaved,5f8a00adad39c80963ea5cf0,1,2.6666666666666665,77.9888888888889,0.5666666666666667,3.5,3.5
interleaved,5f8a00adad39c80963ea5cf0,2,2.6666666666666665,72.75,0.6805555555555556,3.5,3.5
interleaved,5f8a00adad39c80963ea5cf0,3,2.6666666666666665,75.88888888888889,0.7592592592592593,3.5,3.5
interleaved,5f8a00adad39c80963ea5cf0,4,2.6666666666666665,75.16666666666667,0.75,3.5,3.5
interleaved,5f8a00adad39c80963ea5cf0,5,2.6666666666666665,73.55555555555556,0.8888888888888888,3.5,3.5
interleaved,5fa9628fcfe3fe0d2fd65062,1,2.6666666666666665,74.78888888888889,0.6111111111111112,3.5,3.5
interleaved,5fa9628fcfe3fe0d2fd65062,2,2.6666666666666665,74.68055555555556,0.6527777777777778,3.5,3.5
interleaved,5fa9628fcfe3fe0d2fd65062,3,2.6666666666666665,77.64814814814815,0.7407407407407407,3.5,3.5
interleaved,5fa9628fcfe3fe0d2fd65062,4,2.6666666666666665,73.05555555555556,0.8611111111111112,3.5,3.5
interleaved,5fa9628fcfe3fe0d2fd65062,5,2.6666666666666665,80.77777777777777,0.8888888888888888,3.5,3.5
interleaved,5fba7bdfd13754a0e3542df8,1,2.6666666666666665,73.3,0.5666666666666667,3.5,3.5
interleaved,5fba7bdfd13754a0e3542df8,2,2.6666666666666665,76.76388888888889,0.7083333333333334,3.5,3.5
interleaved,5fba7bdfd13754a0e3542df8,3,2.6666666666666665,71.14814814814815,0.7222222222222222,3.5,3.5
interleaved,5fba7bdfd13754a0e3542df8,4,2.6666666666666665,81.41666666666667,0.75,3.5,3.5
interleaved,5fba7bdfd13754a0e3542df8,5,2.6666666666666665,82.66666666666667,0.8333333333333334,3.5,3.5
interleaved,5fcd709227fabfc6ca7a969e,1,2.6666666666666665,74.0,0.6555555555555556,3.5,3.5
interleaved,5fcd709227fabfc6ca7a969e,2,2.6666666666666665,77.625,0.6944444444444444,3.5,3.5
interleaved,5fcd709227fabfc6ca7a969e,3,2.6666666666666665,80.22222222222223,0.8703703703703703,3.5,3.5
interleaved,5fcd709227fabfc6ca7a969e,4,2.6666666666666665,70.55555555555556,0.75,3.5,3.5
interleaved,5fcd709227fabfc6ca7a969e,5,2.6666666666666665,70.22222222222223,0.8333333333333334,3.5,3.5
interleaved,5fe6ecb7f4e23353fbf24459,1,2.6666666666666665,73.46666666666667,0.5444444444444444,3.5,3.5
interleaved,5fe6ecb7f4e23353fbf24459,2,2.6666666666666665,74.70833333333333,0.5138888888888888,3.5,3.5
interleaved,5fe6ecb7f4e23353fbf24459,3,2.6666666666666665,79.11111111111111,0.5370370370370371,3.5,3.5
interleaved,5fe6ecb7f4e23353fbf24459,4,2.6666666666666665,77.25,0.5833333333333334,3.5,3.5
interleaved,5fe6ecb7f4e23353fbf24459,5,2.6666666666666665,74.5,0.3888888888888889,3.5,3.5
interleaved,60017449682ed3025a873e3d,1,2.6666666666666665,74.97777777777777,0.4777777777777778,3.5,3.5
interleaved,60017449682ed3025a873e3d,2,2.6666666666666665,79.16666666666667,0.5277777777777778,3.5,3.5
interleaved,60017449682ed3025a873e3d,3,2.6666666666666665,74.92592592592592,0.6481481481481481,3.5,3.5
interleaved,60017449682ed3025a873e3d,4,2.6666666666666665,70.52777777777777,0.6944444444444444,3.5,3.5
interleaved,60017449682ed3025a873e3d,5,2.6666666666666665,75.11111111111111,0.6666666666666666,3.5,3.5
interleaved,6001944c90dd7f081710f788,1,2.6666666666666665,75.32222222222222,0.5555555555555556,3.5,3.5
interleaved,6001944c90dd7f081710f788,2,2.6666666666666665,74.72222222222223,0.5972222222222222,3.5,3.5
interleaved,6001944c90dd7f081710f788,3,2.6666666666666665,76.01851851851852,0.7777777777777778,3.5,3.5
interleaved,6001944c90dd7f081710f788,4,2.6666666666666665,76.61111111111111,0.8611111111111112,3.5,3.5
interleaved,6001944c90dd7f081710f788,5,2.6666666666666665,75.72222222222223,0.8888888888888888,3.5,3.5
interleaved,6011d2b8b124c219f57c707e,1,2.6666666666666665,74.58888888888889,0.5777777777777777,3.5,3.5
interleaved,6011d2b8b124c219f57c707e,2,2.6666666666666665,73.19444444444444,0.6666666666666666,3.5,3.5
interleaved,6011d2b8b124c219f57c707e,3,2.6666666666666665,74.72222222222223,0.6481481481481481,3.5,3.5
interleaved,6011d2b8b124c219f57c707e,4,2.6666666666666665,80.02777777777777,0.8055555555555556,3.5,3.5
interleaved,6011d2b8b124c219f57c707e,5,2.6666666666666665,82.55555555555556,0.8888888888888888,3.5,3.5
interleaved,602fea460a29c4d98a5d8034,1,2.647727272727273,76.85227272727273,0.5681818181818182,3.465909090909091,3.5113636363636362
interleaved,602fea460a29c4d98a5d8034,2,2.647887323943662,71.92957746478874,0.6338028169014085,3.5211267605633805,3.507042253521127
interleaved,602fea460a29c4d98a5d8034,3,2.673076923076923,78.90384615384616,0.8461538461538461,3.519230769230769,3.480769230769231
interleaved,602fea460a29c4d98a5d8034,4,2.6285714285714286,81.94285714285714,0.8571428571428571,3.5428571428571427,3.5714285714285716
interleaved,602fea460a29c4d98a5d8034,5,2.6666666666666665,73.11111111111111,0.8333333333333334,3.5,3.5
interleaved,60455000d49d6a65940e6ab4,1,2.6666666666666665,78.43333333333334,0.5444444444444444,3.5,3.5
interleaved,60455000d49d6a65940e6ab4,2,2.6666666666666665,76.625,0.6111111111111112,3.5,3.5
interleaved,60455000d49d6a65940e6ab4,3,2.6666666666666665,74.27777777777777,0.8333333333333334,3.5,3.5
interleaved,60455000d49d6a65940e6ab4,4,2.6666666666666665,67.13888888888889,0.8055555555555556,3.5,3.5
interleaved,60455000d49d6a65940e6ab4,5,2.6666666666666665,76.72222222222223,0.8888888888888888,3.5,3.5
interleaved,604647daf93b230c5c1521f3,1,2.6666666666666665,71.95555555555555,0.5444444444444444,3.5,3.5
interleaved,604647daf93b230c5c1521f3,2,2.6666666666666665,76.59722222222223,0.7222222222222222,3.5,3.5
interleaved,604647daf93b230c5c1521f3,3,2.6666666666666665,80.29629629629629,0.8333333333333334,3.5,3.5
interleaved,604647daf93b230c5c1521f3,4,2.6666666666666665,78.55555555555556,0.9722222222222222,3.5,3.5
interleaved,604647daf93b230c5c1521f3,5,2.6666666666666665,68.33333333333333,0.7222222222222222,3.5,3.5
interleaved,606968fc4633f8b94786a4c8,1,2.6666666666666665,75.04444444444445,0.6,3.5,3.5
interleaved,606968fc4633f8b94786a4c8,2,2.6666666666666665,73.73611111111111,0.6805555555555556,3.5,3.5
interleaved,606968fc4633f8b94786a4c8,3,2.6666666666666665,75.94444444444444,0.8148148148148148,3.5,3.5
interleaved,606968fc4633f8b94786a4c8,4,2.6666666666666665,81.13888888888889,0.8611111111111112,3.5,3.5
interleaved,606968fc4633f8b94786a4c8,5,2.6666666666666665,72.22222222222223,0.8888888888888888,3.5,3.5
interleaved,609ffde6ce77f26ad8157c29,1,2.6666666666666665,73.34444444444445,0.6,3.5,3.5
interleaved,609ffde6ce77f26ad8157c29,2,2.6666666666666665,76.31944444444444,0.6805555555555556,3.5,3.5
interleaved,609ffde6ce77f26ad8157c29,3,2.6666666666666665,79.12962962962963,0.7592592592592593,3.5,3.5
interleaved,609ffde6ce77f26ad8157c29,4,2.6666666666666665,72.83333333333333,0.8055555555555556,3.5,3.5
interleaved,609ffde6ce77f26ad8157c29,5,2.6666666666666665,77.44444444444444,0.8333333333333334,3.5,3.5
interleaved,60a90a8cd3bb28b16b59d10f,1,2.6666666666666665,75.72222222222223,0.5777777777777777,3.5,3.5
interleaved,60a90a8cd3bb28b16b59d10f,2,2.6666666666666665,77.45833333333333,0.6527777777777778,3.5,3.5
interleaved,60a90a8cd3bb28b16b59d10f,3,2.6666666666666665,74.64814814814815,0.7592592592592593,3.5,3.5
interleaved,60a90a8cd3bb28b16b59d10f,4,2.657142857142857,76.4,0.7142857142857143,3.4285714285714284,3.4571428571428573
interleaved,60a90a8cd3bb28b16b59d10f,5,2.6666666666666665,66.83333333333333,0.8333333333333334,3.5,3.5
interleaved,60a9455edf704176d918fbaa,1,2.6666666666666665,75.43333333333334,0.5888888888888889,3.5,3.5
interleaved,60a9455edf704176d918fbaa,2,2.6666666666666665,72.95833333333333,0.7083333333333334,3.5,3.5
interleaved,60a9455edf704176d918fbaa,3,2.6666666666666665,80.4074074074074,0.8333333333333334,3.5,3.5
interleaved,60a9455edf704176d918fbaa,4,2.6666666666666665,76.30555555555556,0.7777777777777778,3.5,3.5
interleaved,60a9455edf704176d918fbaa,5,2.6666666666666665,69.66666666666667,0.8333333333333334,3.5,3.5
interleaved,60ad65eebbbdded30e50edba,1,2.6666666666666665,75.4,0.5333333333333333,3.5,3.5
interleaved,60ad65eebbbdded30e50edba,2,2.6666666666666665,72.61111111111111,0.625,3.5,3.5
interleaved,60ad65eebbbdded30e50edba,3,2.6666666666666665,80.14814814814815,0.5185185185185185,3.5,3.5
interleaved,60ad65eebbbdded30e50edba,4,2.6666666666666665,71.63888888888889,0.4722222222222222,3.5,3.5
interleaved,60ad65eebbbdded30e50edba,5,2.6666666666666665,81.33333333333333,0.5555555555555556,3.5,3.5
interleaved,60b75cd79593a0a6020968f7,1,2.6666666666666665,78.36666666666666,0.5666666666666667,3.5,3.5
interleaved,60b75cd79593a0a6020968f7,2,2.6666666666666665,78.81944444444444,0.6111111111111112,3.5,3.5
interleaved,60b75cd79593a0a6020968f7,3,2.6666666666666665,69.74074074074075,0.7777777777777778,3.5,3.5
interleaved,60b75cd79593a0a6020968f7,4,2.6666666666666665,68.63888888888889,0.7777777777777778,3.5,3.5
interleaved,60b75cd79593a0a6020968f7,5,2.6666666666666665,78.88888888888889,0.8888888888888888,3.5,3.5
interleaved,60ba366b3792b3b40b6716bc,1,2.6666666666666665,75.72222222222223,0.5333333333333333,3.5,3.5
interleaved,60ba366b3792b3b40b6716bc,2,2.6666666666666665,76.25,0.6805555555555556,3.5,3.5
interleaved,60ba366b3792b3b40b6716bc,3,2.6666666666666665,76.46296296296296,0.8518518518518519,3.5,3.5
interleaved,60ba366b3792b3b40b6716bc,4,2.6666666666666665,74.38888888888889,0.9444444444444444,3.5,3.5
interleaved,60ba366b3792b3b40b6716bc,5,2.6666666666666665,70.72222222222223,0.9444444444444444,3.5,3.5
interleaved,60c7928e14e0a43a43369a5b,1,2.6666666666666665,75.53333333333333,0.6666666666666666,3.5,3.5
interleaved,60c7928e14e0a43a43369a5b,2,2.6666666666666665,77.66666666666667,0.7222222222222222,3.5,3.5
interleaved,60c7928e14e0a43a43369a5b,3,2.6666666666666665,70.35185185185185,0.8148148148148148,3.5,3.5
interleaved,60c7928e14e0a43a43369a5b,4,2.6666666666666665,79.38888888888889,0.9166666666666666,3.5,3.5
interleaved,60c7928e14e0a43a43369a5b,5,2.6666666666666665,74.33333333333333,0.8888888888888888,3.5,3.5
interleaved,60c7f0970b31e00de07b8131,1,2.6666666666666665,77.75555555555556,0.5888888888888889,3.5,3.5
interleaved,60c7f0970b31e00de07b8131,2,2.6666666666666665,73.05555555555556,0.6388888888888888,3.5,3.5
interleaved,60c7f0970b31e00de07b8131,3,2.6666666666666665,73.44444444444444,0.8888888888888888,3.5,3.5
interleaved,60c7f0970b31e00de07b8131,4,2.6666666666666665,74.86111111111111,0.8333333333333334,3.5,3.5
interleaved,60c7f0970b31e00de07b8131,5,2.6666666666666665,81.44444444444444,0.8888888888888888,3.5,3.5
interleaved,60cfb80f9613ba516472434c,1,2.6666666666666665,75.52222222222223,0.6666666666666666,3.5,3.5
interleaved,60cfb80f9613ba516472434c,2,2.6666666666666665,72.63888888888889,0.6805555555555556,3.5,3.5
interleaved,60cfb80f9613ba516472434c,3,2.6666666666666665,77.16666666666667,0.8148148148148148,3.5,3.5
interleaved,60cfb80f9613ba516472434c,4,2.6666666666666665,75.33333333333333,0.9166666666666666,3.5,3.5
interleaved,60cfb80f9613ba516472434c,5,2.6666666666666665,82.16666666666667,0.8333333333333334,3.5,3.5
interleaved,60d9ce9737af4d27b6640d37,1,2.6666666666666665,76.88888888888889,0.6111111111111112,3.5,3.5
interleaved,60d9ce9737af4d27b6640d37,2,2.6666666666666665,75.19444444444444,0.6111111111111112,3.5,3.5
interleaved,60d9ce9737af4d27b6640d37,3,2.6666666666666665,77.9074074074074,0.6666666666666666,3.5,3.5
interleaved,60d9ce9737af4d27b6640d37,4,2.6666666666666665,69.25,0.6111111111111112,3.5,3.5
interleaved,60d9ce9737af4d27b6640d37,5,2.6666666666666665,75.05555555555556,0.5555555555555556,3.5,3.5
interleaved,60e99d21ee0ee2ea2ed16e3e,1,2.6666666666666665,71.17777777777778,0.5444444444444444,3.5,3.5
interleaved,60e99d21ee0ee2ea2ed16e3e,2,2.6666666666666665,76.18055555555556,0.6944444444444444,3.5,3.5
interleaved,60e99d21ee0ee2ea2ed16e3e,3,2.6666666666666665,79.24074074074075,0.7222222222222222,3.5,3.5
interleaved,60e99d21ee0ee2ea2ed16e3e,4,2.6666666666666665,80.05555555555556,0.6666666666666666,3.5,3.5
interleaved,60e99d21ee0ee2ea2ed16e3e,5,2.6666666666666665,74.05555555555556,0.6666666666666666,3.5,3.5
interleaved,60ecb2f2432bec2f16c3ab9a,1,2.6666666666666665,73.24444444444444,0.5555555555555556,3.5,3.5
interleaved,60ecb2f2432bec2f16c3ab9a,2,2.6666666666666665,76.40277777777777,0.5694444444444444,3.5,3.5
interleaved,60ecb2f2432bec2f16c3ab9a,3,2.6666666666666665,76.92592592592592,0.6666666666666666,3.5,3.5
interleaved,60ecb2f2432bec2f16c3ab9a,4,2.6666666666666665,72.94444444444444,0.6944444444444444,3.5,3.5
interleaved,60ecb2f2432bec2f16c3ab9a,5,2.6666666666666665,84.0,0.6666666666666666,3.5,3.5
interleaved,60fd9b1f9557d7bffbb5e6de,1,2.6666666666666665,73.5111111111111,0.5555555555555556,3.5,3.5
interleaved,60fd9b1f9557d7bffbb5e6de,2,2.6666666666666665,74.54166666666667,0.625,3.5,3.5
interleaved,60fd9b1f9557d7bffbb5e6de,3,2.6666666666666665,79.27777777777777,0.6666666666666666,3.5,3.5
interleaved,60fd9b1f9557d7bffbb5e6de,4,2.6666666666666665,70.52777777777777,0.8055555555555556,3.5,3.5
interleaved,60fd9b1f9557d7bffbb5e6de,5,2.6666666666666665,87.88888888888889,0.8333333333333334,3.5,3.5
interleaved,611152987d872a13bd7b7cac,1,2.6666666666666665,76.23333333333333,0.5111111111111111,3.5,3.5
interleaved,611152987d872a13bd7b7cac,2,2.6666666666666665,75.54166666666667,0.875,3.5,3.5
interleaved,611152987d872a13bd7b7cac,3,2.6666666666666665,79.42592592592592,0.8703703703703703,3.5,3.5
interleaved,611152987d872a13bd7b7cac,4,2.6666666666666665,68.16666666666667,0.8611111111111112,3.5,3.5
interleaved,611152987d872a13bd7b7cac,5,2.6666666666666665,74.55555555555556,0.8333333333333334,3.5,3.5
interleaved,6122b9ffce05d8e56860755a,1,2.6666666666666665,73.9,0.5555555555555556,3.5,3.5
interleaved,6122b9ffce05d8e56860755a,2,2.6666666666666665,76.18055555555556,0.7638888888888888,3.5,3.5
interleaved,6122b9ffce05d8e56860755a,3,2.6666666666666665,77.20370370370371,0.9074074074074074,3.5,3.5
interleaved,6122b9ffce05d8e56860755a,4,2.6666666666666665,74.30555555555556,0.9166666666666666,3.5,3.5
interleaved,6122b9ffce05d8e56860755a,5,2.6666666666666665,78.05555555555556,0.8888888888888888,3.5,3.5
interleaved,614703ccac948d05a697d678,1,2.6666666666666665,74.7,0.5777777777777777,3.5,3.5
interleaved,614703ccac948d05a697d678,2,2.6666666666666665,74.76388888888889,0.5138888888888888,3.5,3.5
interleaved,614703ccac948d05a697d678,3,2.6666666666666665,77.81481481481481,0.6666666666666666,3.5,3.5
interleaved,614703ccac948d05a697d678,4,2.6666666666666665,73.66666666666667,0.5833333333333334,3.5,3.5
interleaved,614703ccac948d05a697d678,5,2.6666666666666665,79.16666666666667,0.5555555555555556,3.5,3.5
interleaved,615a1953b86b959f9bc84ac8,1,2.6666666666666665,78.55555555555556,0.5666666666666667,3.5,3.5
interleaved,615a1953b86b959f9bc84ac8,2,2.6666666666666665,73.01388888888889,0.6388888888888888,3.5,3.5
interleaved,615a1953b86b959f9bc84ac8,3,2.6666666666666665,77.9074074074074,0.6481481481481481,3.5,3.5
interleaved,615a1953b86b959f9bc84ac8,4,2.6666666666666665,78.30555555555556,0.8611111111111112,3.5,3.5
interleaved,615a1953b86b959f9bc84ac8,5,2.6666666666666665,57.333333333333336,1.0,3.5,3.5
interleaved,6164822d9cde4e525a7c9e6f,1,2.6666666666666665,73.88888888888889,0.6555555555555556,3.5,3.5
interleaved,6164822d9cde4e525a7c9e6f,2,2.6666666666666665,76.65277777777777,0.7777777777777778,3.5,3.5
interleaved,6164822d9cde4e525a7c9e6f,3,2.6666666666666665,75.24074074074075,0.7592592592592593,3.5,3.5
interleaved,6164822d9cde4e525a7c9e6f,4,2.6666666666666665,81.69444444444444,0.8055555555555556,3.5,3.5
interleaved,6164822d9cde4e525a7c9e6f,5,2.6666666666666665,67.33333333333333,0.9444444444444444,3.5,3.5
interleaved,6164b0c07cd2378a2d55c4c3,1,2.6666666666666665,71.62222222222222,0.5555555555555556,3.5,3.5
interleaved,6164b0c07cd2378a2d55c4c3,2,2.6666666666666665,80.09722222222223,0.6527777777777778,3.5,3.5
interleaved,6164b0c07cd2378a2d55c4c3,3,2.6666666666666665,74.64814814814815,0.7592592592592593,3.5,3.5
interleaved,6164b0c07cd2378a2d55c4c3,4,2.6666666666666665,77.44444444444444,0.8611111111111112,3.5,3.5
interleaved,6164b0c07cd2378a2d55c4c3,5,2.6666666666666665,75.16666666666667,0.7222222222222222,3.5,3.5
interleaved,62c5f224fb8653dcf806d768,1,2.6666666666666665,72.72222222222223,0.5888888888888889,3.5,3.5
interleaved,62c5f224fb8653dcf806d768,2,2.6666666666666665,78.625,0.5972222222222222,3.5,3.5
interleaved,62c5f224fb8653dcf806d768,3,2.6666666666666665,78.72222222222223,0.6481481481481481,3.5,3.5
interleaved,62c5f224fb8653dcf806d768,4,2.6666666666666665,71.25,0.7777777777777778,3.5,3.5
interleaved,62c5f224fb8653dcf806d768,5,2.6666666666666665,75.72222222222223,0.8888888888888888,3.5,3.5
interleaved,62cbf6ede47c5899f8c43690,1,2.6666666666666665,76.46666666666667,0.5777777777777777,3.5,3.5
interleaved,62cbf6ede47c5899f8c43690,2,2.6666666666666665,75.05555555555556,0.75,3.5,3.5
interleaved,62cbf6ede47c5899f8c43690,3,2.6666666666666665,73.11111111111111,0.8703703703703703,3.5,3.5
interleaved,62cbf6ede47c5899f8c43690,4,2.6666666666666665,79.27777777777777,1.0,3.5,3.5
interleaved,62cbf6ede47c5899f8c43690,5,2.6666666666666665,72.05555555555556,0.8888888888888888,3.5,3.5
interleaved,62cc61764995e851997bc3d2,1,2.6666666666666665,74.58888888888889,0.6111111111111112,3.5,3.5
interleaved,62cc61764995e851997bc3d2,2,2.6666666666666665,76.52777777777777,0.6805555555555556,3.5,3.5
interleaved,62cc61764995e851997bc3d2,3,2.6666666666666665,74.75925925925925,0.8333333333333334,3.5,3.5
interleaved,62cc61764995e851997bc3d2,4,2.6666666666666665,74.63888888888889,0.8888888888888888,3.5,3.5
interleaved,62cc61764995e851997bc3d2,5,2.6666666666666665,79.88888888888889,0.8888888888888888,3.5,3.5
interleaved,62d9e46fded6a6209a518499,1,2.6666666666666665,75.28888888888889,0.5444444444444444,3.5,3.5
interleaved,62d9e46fded6a6209a518499,2,2.6666666666666665,76.79166666666667,0.5833333333333334,3.5,3.5
interleaved,62d9e46fded6a6209a518499,3,2.6666666666666665,73.51851851851852,0.6296296296296297,3.5,3.5
interleaved,62d9e46fded6a6209a518499,4,2.6666666666666665,75.44444444444444,0.6944444444444444,3.5,3.5
interleaved,62d9e46fded6a6209a518499,5,2.6666666666666665,77.44444444444444,0.7222222222222222,3.5,3.5
interleaved,62ea4eda882ce012b70c4e25,1,2.6666666666666665,72.75555555555556,0.5333333333333333,3.5,3.5
interleaved,62ea4eda882ce012b70c4e25,2,2.6666666666666665,76.94444444444444,0.7083333333333334,3.5,3.5
interleaved,62ea4eda882ce012b70c4e25,3,2.6666666666666665,79.5,0.7407407407407407,3.5,3.5
interleaved,62ea4eda882ce012b70c4e25,4,2.6666666666666665,76.13888888888889,0.8055555555555556,3.5,3.5
interleaved,62ea4eda882ce012b70c4e25,5,2.6666666666666665,70.16666666666667,0.7777777777777778,3.5,3.5
interleaved,63039add5b36e081a5387f95,1,2.6666666666666665,76.96666666666667,0.6,3.5,3.5
interleaved,63039add5b36e081a5387f95,2,2.6666666666666665,74.80555555555556,0.6805555555555556,3.5,3.5
interleaved,63039add5b36e081a5387f95,3,2.6666666666666665,76.94444444444444,0.8148148148148148,3.5,3.5
interleaved,63039add5b36e081a5387f95,4,2.6285714285714286,76.4,0.9142857142857143,3.5714285714285716,3.5428571428571427
interleaved,63039add5b36e081a5387f95,5,2.6666666666666665,66.83333333333333,0.8888888888888888,3.5,3.5
interleaved,63207c8968ec10d3b9d54151,1,2.6666666666666665,74.76666666666667,0.6444444444444445,3.5,3.5
interleaved,63207c8968ec10d3b9d54151,2,2.6666666666666665,79.125,0.6944444444444444,3.5,3.5
interleaved,63207c8968ec10d3b9d54151,3,2.6666666666666665,75.0,0.7592592592592593,3.5,3.5
interleaved,63207c8968ec10d3b9d54151,4,2.6666666666666665,69.52777777777777,0.8333333333333334,3.5,3.5
interleaved,63207c8968ec10d3b9d54151,5,2.6666666666666665,78.11111111111111,0.8888888888888888,3.5,3.5
interleaved,632b54f5fa1b0a56ffe31f6e,1,2.6666666666666665,77.75555555555556,0.5,3.5,3.5
interleaved,632b54f5fa1b0a56ffe31f6e,2,2.6666666666666665,72.34722222222223,0.6527777777777778,3.5,3.5
interleaved,632b54f5fa1b0a56ffe31f6e,3,2.6666666666666665,74.16666666666667,0.6666666666666666,3.5,3.5
interleaved,632b54f5fa1b0a56ffe31f6e,4,2.6666666666666665,75.86111111111111,0.7777777777777778,3.5,3.5
interleaved,632b54f5fa1b0a56ffe31f6e,5,2.6666666666666665,80.11111111111111,0.7777777777777778,3.5,3.5
interleaved,6348725b57df9480da991127,1,2.6666666666666665,75.85555555555555,0.5666666666666667,3.5,3.5
interleaved,6348725b57df9480da991127,2,2.6666666666666665,72.18055555555556,0.8333333333333334,3.5,3.5
interleaved,6348725b57df9480da991127,3,2.6666666666666665,75.68518518518519,0.9629629629629629,3.5,3.5
interleaved,6348725b57df9480da991127,4,2.6666666666666665,80.91666666666667,0.9722222222222222,3.5,3.5
interleaved,6348725b57df9480da991127,5,2.6666666666666665,75.61111111111111,0.8888888888888888,3.5,3.5
interleaved,6349846837c4eb9c40269ba7,1,2.6666666666666665,76.71111111111111,0.5666666666666667,3.5,3.5
interleaved,6349846837c4eb9c40269ba7,2,2.6666666666666665,74.06944444444444,0.7222222222222222,3.5,3.5
interleaved,6349846837c4eb9c40269ba7,3,2.6666666666666665,81.22222222222223,0.8518518518518519,3.5,3.5
interleaved,6349846837c4eb9c40269ba7,4,2.6666666666666665,72.16666666666667,0.8055555555555556,3.5,3.5
interleaved,6349846837c4eb9c40269ba7,5,2.6666666666666665,64.66666666666667,0.9444444444444444,3.5,3.5
interleaved,636543751e9791c17abc6aab,1,2.6666666666666665,79.0,0.6,3.5,3.5
interleaved,636543751e9791c17abc6aab,2,2.6666666666666665,75.86111111111111,0.6944444444444444,3.5,3.5
interleaved,636543751e9791c17abc6aab,3,2.6666666666666665,65.66666666666667,0.8148148148148148,3.5,3.5
interleaved,636543751e9791c17abc6aab,4,2.6666666666666665,80.13888888888889,0.9444444444444444,3.5,3.5
interleaved,636543751e9791c17abc6aab,5,2.6666666666666665,76.77777777777777,1.0,3.5,3.5
interleaved,636d39168fe0bc0570ee8da0,1,2.6666666666666665,74.41111111111111,0.6222222222222222,3.5,3.5
interleaved,636d39168fe0bc0570ee8da0,2,2.6666666666666665,76.61111111111111,0.7083333333333334,3.5,3.5
interleaved,636d39168fe0bc0570ee8da0,3,2.6666666666666665,77.33333333333333,0.8333333333333334,3.5,3.5
interleaved,636d39168fe0bc0570ee8da0,4,2.6666666666666665,75.75,0.8333333333333334,3.5,3.5
interleaved,636d39168fe0bc0570ee8da0,5,2.6666666666666665,70.5,0.8888888888888888,3.5,3.5
interleaved,6384ad74e501dcdf22163239,1,2.6666666666666665,75.46666666666667,0.5888888888888889,3.5,3.5
interleaved,6384ad74e501dcdf22163239,2,2.6666666666666665,73.95833333333333,0.6527777777777778,3.5,3.5
interleaved,6384ad74e501dcdf22163239,3,2.6666666666666665,76.12962962962963,0.7407407407407407,3.5,3.5
interleaved,6384ad74e501dcdf22163239,4,2.6666666666666665,77.41666666666667,0.8055555555555556,3.5,3.5
interleaved,6384ad74e501dcdf22163239,5,2.6666666666666665,76.11111111111111,0.7777777777777778,3.5,3.5
interleaved,63d00e3cea3280c3ed8a340c,1,2.662921348314607,75.51685393258427,0.5842696629213483,3.4831460674157304,3.50561797752809
interleaved,63d00e3cea3280c3ed8a340c,2,2.647887323943662,78.85915492957747,0.676056338028169,3.507042253521127,3.464788732394366
interleaved,63d00e3cea3280c3ed8a340c,3,2.6666666666666665,74.35185185185185,0.6851851851851852,3.5,3.5
interleaved,63d00e3cea3280c3ed8a340c,4,2.6666666666666665,72.44444444444444,0.7777777777777778,3.5,3.5
interleaved,63d00e3cea3280c3ed8a340c,5,2.764705882352941,78.23529411764706,0.8235294117647058,3.6470588235294117,3.6470588235294117
interleaved,63d10034c4d10e158a7d2750,1,2.6666666666666665,73.67777777777778,0.5888888888888889,3.5,3.5
interleaved,63d10034c4d10e158a7d2750,2,2.6666666666666665,81.88888888888889,0.8055555555555556,3.5,3.5
interleaved,63d10034c4d10e158a7d2750,3,2.6666666666666665,74.33333333333333,0.8333333333333334,3.5,3.5
interleaved,63d10034c4d10e158a7d2750,4,2.6666666666666665,71.91666666666667,0.8333333333333334,3.5,3.5
interleaved,63d10034c4d10e158a7d2750,5,2.6666666666666665,69.72222222222223,0.8333333333333334,3.5,3.5
interleaved,63d13c9e1c33ca2182c2ef5e,1,2.6666666666666665,79.07777777777778,0.5444444444444444,3.5,3.5
interleaved,63d13c9e1c33ca2182c2ef5e,2,2.6666666666666665,73.38888888888889,0.625,3.5,3.5
interleaved,63d13c9e1c33ca2182c2ef5e,3,2.6666666666666665,79.55555555555556,0.8518518518518519,3.5,3.5
interleaved,63d13c9e1c33ca2182c2ef5e,4,2.6666666666666665,67.66666666666667,0.8888888888888888,3.5,3.5
interleaved,63d13c9e1c33ca2182c2ef5e,5,2.6666666666666665,69.55555555555556,0.9444444444444444,3.5,3.5
interleaved,63d7de3f10d9abb5c1c1457e,1,2.6666666666666665,76.53333333333333,0.5888888888888889,3.5,3.5
interleaved,63d7de3f10d9abb5c1c1457e,2,2.6666666666666665,78.43055555555556,0.6666666666666666,3.5,3.5
interleaved,63d7de3f10d9abb5c1c1457e,3,2.6666666666666665,70.35185185185185,0.8333333333333334,3.5,3.5
interleaved,63d7de3f10d9abb5c1c1457e,4,2.6666666666666665,74.25,0.75,3.5,3.5
interleaved,63d7de3f10d9abb5c1c1457e,5,2.6666666666666665,76.55555555555556,0.7777777777777778,3.5,3.5
interleaved,63e52bc62b2ecca285bffc9b,1,2.6666666666666665,72.95555555555555,0.6111111111111112,3.5,3.5
interleaved,63e52bc62b2ecca285bffc9b,2,2.6666666666666665,72.80555555555556,0.7222222222222222,3.5,3.5
interleaved,63e52bc62b2ecca285bffc9b,3,2.6666666666666665,75.81481481481481,0.9074074074074074,3.5,3.5
interleaved,63e52bc62b2ecca285bffc9b,4,2.6666666666666665,83.52777777777777,0.9722222222222222,3.5,3.5
interleaved,63e52bc62b2ecca285bffc9b,5,2.6666666666666665,82.0,0.9444444444444444,3.5,3.5
interleaved,63ea56aa854e5e0c4d49ff7e,1,2.6666666666666665,77.97777777777777,0.5333333333333333,3.5,3.5
interleaved,63ea56aa854e5e0c4d49ff7e,2,2.6666666666666665,78.08333333333333,0.6527777777777778,3.5,3.5
interleaved,63ea56aa854e5e0c4d49ff7e,3,2.6666666666666665,70.5925925925926,0.6666666666666666,3.5,3.5
interleaved,63ea56aa854e5e0c4d49ff7e,4,2.6666666666666665,76.88888888888889,0.6944444444444444,3.5,3.5
interleaved,63ea56aa854e5e0c4d49ff7e,5,2.6666666666666665,64.72222222222223,0.6666666666666666,3.5,3.5
interleaved,63eb94b87f4dff9de49cccad,1,2.6666666666666665,73.61111111111111,0.6444444444444445,3.5,3.5
interleaved,63eb94b87f4dff9de49cccad,2,2.6666666666666665,74.79166666666667,0.7638888888888888,3.5,3.5
interleaved,63eb94b87f4dff9de49cccad,3,2.6666666666666665,79.88888888888889,0.8888888888888888,3.5,3.5
interleaved,63eb94b87f4dff9de49cccad,4,2.6666666666666665,73.88888888888889,0.8333333333333334,3.5,3.5
interleaved,63eb94b87f4dff9de49cccad,5,2.6666666666666665,77.83333333333333,0.9444444444444444,3.5,3.5
interleaved,63ee9abfa262bea95766dd9c,1,2.6666666666666665,72.93333333333334,0.5111111111111111,3.5,3.5
interleaved,63ee9abfa262bea95766dd9c,2,2.6666666666666665,77.56944444444444,0.5,3.5,3.5
interleaved,63ee9abfa262bea95766dd9c,3,2.6666666666666665,77.57407407407408,0.4074074074074074,3.5,3.5
interleaved,63ee9abfa262bea95766dd9c,4,2.6666666666666665,74.72222222222223,0.5,3.5,3.5
interleaved,63ee9abfa262bea95766dd9c,5,2.6666666666666665,75.38888888888889,0.6111111111111112,3.5,3.5
interleaved,63f78703fbd3a523a963d860,1,2.6666666666666665,76.76666666666667,0.4777777777777778,3.5,3.5
interleaved,63f78703fbd3a523a963d860,2,2.6666666666666665,77.875,0.6527777777777778,3.5,3.5
interleaved,63f78703fbd3a523a963d860,3,2.6666666666666665,75.62962962962963,0.7037037037037037,3.5,3.5
interleaved,63f78703fbd3a523a963d860,4,2.6666666666666665,66.05555555555556,0.7222222222222222,3.5,3.5
interleaved,63f78703fbd3a523a963d860,5,2.6666666666666665,78.16666666666667,0.7222222222222222,3.5,3.5
interleaved,6400da269c4826958d604b68,1,2.6666666666666665,76.43333333333334,0.6333333333333333,3.5,3.5
interleaved,6400da269c4826958d604b68,2,2.6666666666666665,69.44444444444444,0.7638888888888888,3.5,3.5
interleaved,6400da269c4826958d604b68,3,2.6666666666666665,78.96296296296296,0.8703703703703703,3.5,3.5
interleaved,6400da269c4826958d604b68,4,2.6666666666666665,71.75,0.8888888888888888,3.5,3.5
interleaved,6400da269c4826958d604b68,5,2.6666666666666665,92.16666666666667,0.8333333333333334,3.5,3.5
interleaved,64011d89460937cf59669000,1,2.6666666666666665,75.96666666666667,0.5333333333333333,3.5,3.5
interleaved,64011d89460937cf59669000,2,2.6666666666666665,75.34722222222223,0.5555555555555556,3.5,3.5
interleaved,64011d89460937cf59669000,3,2.6666666666666665,77.16666666666667,0.4074074074074074,3.5,3.5
interleaved,64011d89460937cf59669000,4,2.6666666666666665,67.47222222222223,0.5833333333333334,3.5,3.5
interleaved,64011d89460937cf59669000,5,2.6666666666666665,84.83333333333333,0.6111111111111112,3.5,3.5
