condition,pid,catBoundDist,famInd,trialsComplete,correct,f0,f1
blocked,565c40fbc121fe0005fc3b62,1,2.6705882352941175,76.62352941176471,0.7294117647058823,3.4823529411764707,3.5294117647058822
blocked,565c40fbc121fe0005fc3b62,2,2.642857142857143,76.01428571428572,0.8428571428571429,3.5285714285714285,3.4714285714285715
blocked,565c40fbc121fe0005fc3b62,3,2.6666666666666665,79.66666666666667,0.8823529411764706,3.4705882352941178,3.588235294117647
blocked,565c40fbc121fe0005fc3b62,4,2.6285714285714286,74.88571428571429,0.9714285714285714,3.5714285714285716,3.5428571428571427
blocked,565c40fbc121fe0005fc3b62,5,2.764705882352941,77.52941176470588,1.0,3.6470588235294117,3.6470588235294117
blocked,567bdc76b7d79a0012b2738a,1,2.6470588235294117,78.94117647058823,0.4470588235294118,3.5176470588235293,3.4941176470588236
blocked,567bdc76b7d79a0012b2738a,2,2.676470588235294,75.36764705882354,0.5882352941176471,3.5,3.5
blocked,567bdc76b7d79a0012b2738a,3,2.7254901960784315,76.2156862745098,0.5882352941176471,3.588235294117647,3.588235294117647
blocked,567bdc76b7d79a0012b2738a,4,2.7058823529411766,80.32352941176471,0.5882352941176471,3.5,3.5
blocked,567bdc76b7d79a0012b2738a,5,2.6666666666666665,79.44444444444444,0.5,3.5,3.5
blocked,572faa2cad131600100169b5,1,2.6666666666666665,76.45238095238095,0.6666666666666666,3.5595238095238093,3.488095238095238
blocked,572faa2cad131600100169b5,2,2.646153846153846,78.93846153846154,0.7692307692307693,3.4461538461538463,3.4615384615384617
blocked,572faa2cad131600100169b5,3,2.6923076923076925,79.71153846153847,0.8846153846153846,3.480769230769231,3.4038461538461537
blocked,572faa2cad131600100169b5,4,2.7142857142857144,75.97142857142858,0.9714285714285714,3.5714285714285716,3.5428571428571427
blocked,572faa2cad131600100169b5,5,2.6470588235294117,76.47058823529412,1.0,3.3529411764705883,3.3529411764705883
blocked,5745a5ab5e549100063b1193,1,2.6666666666666665,76.0,0.6071428571428571,3.4523809523809526,3.5714285714285716
blocked,5745a5ab5e549100063b1193,2,2.63768115942029,75.94202898550725,0.6666666666666666,3.5072463768115942,3.463768115942029
blocked,5745a5ab5e549100063b1193,3,2.6666666666666665,79.07407407407408,0.8703703703703703,3.5,3.5
blocked,5745a5ab5e549100063b1193,4,2.6176470588235294,77.44117647058823,1.0,3.6176470588235294,3.6176470588235294
blocked,5745a5ab5e549100063b1193,5,2.8666666666666667,77.86666666666666,0.8666666666666667,3.3333333333333335,3.3333333333333335
blocked,588e7fc25726cc00011d72ce,1,2.642857142857143,79.04761904761905,0.6071428571428571,3.4761904761904763,3.5
blocked,588e7fc25726cc00011d72ce,2,2.712121212121212,75.78787878787878,0.9090909090909091,3.4696969696969697,3.409090909090909
blocked,588e7fc25726cc00011d72ce,3,2.673076923076923,77.90384615384616,0.9038461538461539,3.519230769230769,3.480769230769231
blocked,588e7fc25726cc00011d72ce,4,2.676470588235294,78.20588235294117,1.0,3.5294117647058822,3.4705882352941178
blocked,588e7fc25726cc00011d72ce,5,2.6666666666666665,72.38888888888889,1.0,3.5,3.5
blocked,597b38ed09bdcf000153fcac,1,2.7011494252873565,75.183908045977,0.6551724137931034,3.5517241379310347,3.4827586206896552
blocked,597b38ed09bdcf000153fcac,2,2.671875,79.46875,0.890625,3.515625,3.546875
blocked,597b38ed09bdcf000153fcac,3,2.6538461538461537,74.0,0.8846153846153846,3.423076923076923,3.4615384615384617
blocked,597b38ed09bdcf000153fcac,4,2.5757575757575757,82.75757575757575,0.7878787878787878,3.393939393939394,3.484848484848485
blocked,597b38ed09bdcf000153fcac,5,2.764705882352941,73.94117647058823,0.9411764705882353,3.6470588235294117,3.6470588235294117
blocked,59e39cc9c0d35a0001294f20,1,2.627906976744186,76.22093023255815,0.6162790697674418,3.511627906976744,3.4651162790697674
blocked,59e39cc9c0d35a0001294f20,2,2.6470588235294117,76.27941176470588,0.7058823529411765,3.485294117647059,3.514705882352941
blocked,59e39cc9c0d35a0001294f20,3,2.64,79.42,0.9,3.58,3.54
blocked,59e39cc9c0d35a0001294f20,4,2.7058823529411766,77.32352941176471,0.9117647058823529,3.4705882352941178,3.5294117647058822
blocked,59e39cc9c0d35a0001294f20,5,2.764705882352941,79.05882352941177,1.0,3.3529411764705883,3.3529411764705883
blocked,5a0323d1c259f30001765337,1,2.6470588235294117,76.90588235294118,0.5647058823529412,3.5176470588235293,3.4705882352941178
blocked,5a0323d1c259f30001765337,2,2.661764705882353,76.20588235294117,0.7352941176470589,3.4411764705882355,3.5
blocked,5a0323d1c259f30001765337,3,2.7058823529411766,81.37254901960785,0.7843137254901961,3.5098039215686274,3.549019607843137
blocked,5a0323d1c259f30001765337,4,2.7142857142857144,72.68571428571428,0.8285714285714286,3.5714285714285716,3.5428571428571427
blocked,5a0323d1c259f30001765337,5,2.466666666666667,87.73333333333333,0.7333333333333333,3.3333333333333335,3.3333333333333335
blocked,5a6759ad35f26b0001496694,1,2.6144578313253013,77.72289156626506,0.6867469879518072,3.4578313253012047,3.602409638554217
blocked,5a6759ad35f26b0001496694,2,2.6714285714285713,77.08571428571429,0.8571428571428571,3.4857142857142858,3.5142857142857142
blocked,5a6759ad35f26b0001496694,3,2.6862745098039214,74.49019607843137,0.9019607843137255,3.4901960784313726,3.450980392156863
blocked,5a6759ad35f26b0001496694,4,2.764705882352941,80.32352941176471,0.8529411764705882,3.5,3.5
blocked,5a6759ad35f26b0001496694,5,2.5625,78.375,0.9375,3.5,3.5
blocked,5ab41678e1546900019b4b15,1,2.6867469879518073,80.49397590361446,0.6867469879518072,3.4096385542168677,3.5542168674698793
blocked,5ab41678e1546900019b4b15,2,2.657142857142857,76.02857142857142,0.7857142857142857,3.5285714285714285,3.5285714285714285
blocked,5ab41678e1546900019b4b15,3,2.6923076923076925,75.86538461538461,0.75,3.519230769230769,3.5961538461538463
blocked,5ab41678e1546900019b4b15,4,2.6666666666666665,78.24242424242425,0.9393939393939394,3.696969696969697,3.6666666666666665
blocked,5ab41678e1546900019b4b15,5,2.588235294117647,77.05882352941177,0.9411764705882353,3.3529411764705883,3.3529411764705883
blocked,5b2150d538b0be00014137fb,1,2.6511627906976742,75.05813953488372,0.5930232558139535,3.558139534883721,3.441860465116279
blocked,5b2150d538b0be00014137fb,2,2.716417910447761,79.82089552238806,0.6716417910447762,3.462686567164179,3.5671641791044775
blocked,5b2150d538b0be00014137fb,3,2.64,76.18,0.86,3.56,3.56
blocked,5b2150d538b0be00014137fb,4,2.657142857142857,74.48571428571428,0.9142857142857143,3.5428571428571427,3.5714285714285716
blocked,5b2150d538b0be00014137fb,5,2.6470588235294117,80.58823529411765,0.9411764705882353,3.3529411764705883,3.3529411764705883
blocked,5bd948d7544d4f000141e81f,1,2.635294117647059,78.37647058823529,0.4588235294117647,3.552941176470588,3.4823529411764707
blocked,5bd948d7544d4f000141e81f,2,2.712121212121212,79.95454545454545,0.5303030303030303,3.5606060606060606,3.5
blocked,5bd948d7544d4f000141e81f,3,2.6666666666666665,75.25925925925925,0.6111111111111112,3.5,3.5
blocked,5bd948d7544d4f000141e81f,4,2.6285714285714286,74.8,0.7428571428571429,3.5428571428571427,3.5714285714285716
blocked,5bd948d7544d4f000141e81f,5,2.7333333333333334,79.93333333333334,0.6666666666666666,3.6666666666666665,3.6666666666666665
blocked,5c28d5a5664ccc000127bec8,1,2.6627906976744184,78.0813953488372,0.5465116279069767,3.546511627906977,3.4767441860465116
blocked,5c28d5a5664ccc000127bec8,2,2.63768115942029,76.1159420289855,0.6666666666666666,3.536231884057971,3.4927536231884058
blocked,5c28d5a5664ccc000127bec8,3,2.673076923076923,76.71153846153847,0.6538461538461539,3.5,3.5
blocked,5c28d5a5664ccc000127bec8,4,2.676470588235294,74.29411764705883,0.7647058823529411,3.5,3.5
blocked,5c28d5a5664ccc000127bec8,5,2.75,80.4375,0.875,3.5,3.5
blocked,5c4484b7b00b3300018f7876,1,2.7,78.7875,0.4625,3.6125,3.4375
blocked,5c4484b7b00b3300018f7876,2,2.6470588235294117,77.75,0.6029411764705882,3.5441176470588234,3.514705882352941
blocked,5c4484b7b00b3300018f7876,3,2.6923076923076925,78.65384615384616,0.5,3.4615384615384617,3.423076923076923
blocked,5c4484b7b00b3300018f7876,4,2.6666666666666665,75.08333333333333,0.5555555555555556,3.5,3.5
blocked,5c4484b7b00b3300018f7876,5,2.588235294117647,74.05882352941177,0.47058823529411764,3.6470588235294117,3.6470588235294117
blocked,5c4ded8b818d4d00013e69c9,1,2.7011494252873565,76.83908045977012,0.6091954022988506,3.4597701149425286,3.5517241379310347
blocked,5c4ded8b818d4d00013e69c9,2,2.716417910447761,79.80597014925372,0.6417910447761194,3.4925373134328357,3.537313432835821
blocked,5c4ded8b818d4d00013e69c9,3,2.66,77.38,0.86,3.46,3.42
blocked,5c4ded8b818d4d00013e69c9,4,2.6285714285714286,76.51428571428572,0.8285714285714286,3.4285714285714284,3.4571428571428573
blocked,5c4ded8b818d4d00013e69c9,5,2.6470588235294117,76.11764705882354,0.9411764705882353,3.6470588235294117,3.6470588235294117
blocked,5c5da3b159ec1d0001fe5606,1,2.630952380952381,77.10714285714286,0.7261904761904762,3.511904761904762,3.488095238095238
blocked,5c5da3b159ec1d0001fe5606,2,2.6911764705882355,78.8529411764706,0.8676470588235294,3.4558823529411766,3.485294117647059
blocked,5c5da3b159ec1d0001fe5606,3,2.6666666666666665,78.15686274509804,0.9607843137254902,3.5098039215686274,3.549019607843137
blocked,5c5da3b159ec1d0001fe5606,4,2.764705882352941,77.94117647058823,0.9705882352941176,3.5,3.5
blocked,5c5da3b159ec1d0001fe5606,5,2.6470588235294117,74.52941176470588,0.9411764705882353,3.3529411764705883,3.3529411764705883
blocked,5c7ceda01d2afc0001f4ad1d,1,2.6785714285714284,77.64285714285714,0.5833333333333334,3.5,3.5238095238095237
blocked,5c7ceda01d2afc0001f4ad1d,2,2.671641791044776,76.55223880597015,0.6716417910447762,3.4925373134328357,3.4776119402985075
blocked,5c7ceda01d2afc0001f4ad1d,3,2.6923076923076925,77.6923076923077,0.7692307692307693,3.519230769230769,3.480769230769231
blocked,5c7ceda01d2afc0001f4ad1d,4,2.6285714285714286,77.31428571428572,0.8285714285714286,3.4571428571428573,3.4285714285714284
blocked,5c7ceda01d2afc0001f4ad1d,5,2.6666666666666665,71.66666666666667,0.6666666666666666,3.5,3.5
blocked,5cc076320004360001ed90dc,1,2.6666666666666665,78.39285714285714,0.6428571428571429,3.4285714285714284,3.5952380952380953
blocked,5cc076320004360001ed90dc,2,2.6714285714285713,76.71428571428571,0.7857142857142857,3.5714285714285716,3.4857142857142858
blocked,5cc076320004360001ed90dc,3,2.625,77.9375,0.8333333333333334,3.3958333333333335,3.3541666666666665
blocked,5cc076320004360001ed90dc,4,2.6666666666666665,75.97222222222223,0.9722222222222222,3.5,3.5
blocked,5cc076320004360001ed90dc,5,2.75,82.625,0.9375,3.1875,3.1875
blocked,5cc7443b836ddc0016fec706,1,2.6666666666666665,78.70238095238095,0.5357142857142857,3.511904761904762,3.5357142857142856
blocked,5cc7443b836ddc0016fec706,2,2.6666666666666665,78.02898550724638,0.6956521739130435,3.536231884057971,3.4347826086956523
blocked,5cc7443b836ddc0016fec706,3,2.660377358490566,74.73584905660377,0.8679245283018868,3.452830188679245,3.490566037735849
blocked,5cc7443b836ddc0016fec706,4,2.6666666666666665,75.3030303030303,0.8181818181818182,3.4242424242424243,3.4545454545454546
blocked,5cc7443b836ddc0016fec706,5,2.6666666666666665,75.72222222222223,0.9444444444444444,3.5,3.5
blocked,5cf91e3f1756e60017a30568,1,2.6547619047619047,78.8452380952381,0.5833333333333334,3.4404761904761907,3.511904761904762
blocked,5cf91e3f1756e60017a30568,2,2.6176470588235294,77.42647058823529,0.75,3.5,3.4411764705882355
blocked,5cf91e3f1756e60017a30568,3,2.7058823529411766,77.76470588235294,0.8627450980392157,3.5098039215686274,3.549019607843137
blocked,5cf91e3f1756e60017a30568,4,2.696969696969697,76.24242424242425,1.0,3.4545454545454546,3.4242424242424243
blocked,5cf91e3f1756e60017a30568,5,2.6666666666666665,70.05555555555556,0.9444444444444444,3.5,3.5
blocked,5d2249547afc290017e5a8f9,1,2.6823529411764704,78.69411764705882,0.5647058823529412,3.5294117647058822,3.5058823529411764
blocked,5d2249547afc290017e5a8f9,2,2.696969696969697,78.0,0.7575757575757576,3.4696969696969697,3.4696969696969697
blocked,5d2249547afc290017e5a8f9,3,2.62,79.1,0.88,3.52,3.48
blocked,5d2249547afc290017e5a8f9,4,2.657142857142857,77.48571428571428,0.8857142857142857,3.4571428571428573,3.4285714285714284
blocked,5d2249547afc290017e5a8f9,5,2.6666666666666665,67.94444444444444,0.8333333333333334,3.5,3.5
blocked,5d31c6bac88f0e00164c3ccb,1,2.611764705882353,77.02352941176471,0.5411764705882353,3.4941176470588236,3.5176470588235293
blocked,5d31c6bac88f0e00164c3ccb,2,2.6857142857142855,76.1,0.6857142857142857,3.5714285714285716,3.4857142857142858
blocked,5d31c6bac88f0e00164c3ccb,3,2.673076923076923,77.48076923076923,0.6923076923076923,3.423076923076923,3.4615384615384617
blocked,5d31c6bac88f0e00164c3ccb,4,2.6470588235294117,76.41176470588235,0.7647058823529411,3.3823529411764706,3.3823529411764706
blocked,5d31c6bac88f0e00164c3ccb,5,2.6875,85.25,0.8125,3.5,3.5
blocked,5d442ba693066e00185a44d6,1,2.647727272727273,78.26136363636364,0.6363636363636364,3.5568181818181817,3.465909090909091
blocked,5d442ba693066e00185a44d6,2,2.6956521739130435,75.33333333333333,0.7391304347826086,3.5072463768115942,3.579710144927536
blocked,5d442ba693066e00185a44d6,3,2.6666666666666665,73.76470588235294,0.8431372549019608,3.411764705882353,3.5294117647058822
blocked,5d442ba693066e00185a44d6,4,2.676470588235294,78.55882352941177,0.9705882352941176,3.5,3.5
blocked,5d442ba693066e00185a44d6,5,2.75,80.1875,0.9375,3.5,3.5
blocked,5d4c06c6a8d9fb001a1470d5,1,2.682926829268293,83.1829268292683,0.5975609756097561,3.5365853658536586,3.4634146341463414
blocked,5d4c06c6a8d9fb001a1470d5,2,2.6666666666666665,73.78260869565217,0.8115942028985508,3.5217391304347827,3.5652173913043477
blocked,5d4c06c6a8d9fb001a1470d5,3,2.6346153846153846,73.28846153846153,0.9038461538461539,3.480769230769231,3.519230769230769
blocked,5d4c06c6a8d9fb001a1470d5,4,2.676470588235294,72.61764705882354,0.9411764705882353,3.5294117647058822,3.4705882352941178
blocked,5d4c06c6a8d9fb001a1470d5,5,2.6666666666666665,73.66666666666667,0.9444444444444444,3.5,3.5
blocked,5d5eca9f97f8b6001aee9594,1,2.6823529411764704,78.2235294117647,0.6588235294117647,3.4941176470588236,3.4941176470588236
blocked,5d5eca9f97f8b6001aee9594,2,2.6714285714285713,76.05714285714286,0.8,3.5285714285714285,3.4714285714285715
blocked,5d5eca9f97f8b6001aee9594,3,2.607843137254902,79.86274509803921,0.8627450980392157,3.5098039215686274,3.549019607843137
blocked,5d5eca9f97f8b6001aee9594,4,2.6176470588235294,74.05882352941177,0.9117647058823529,3.6470588235294117,3.588235294117647
blocked,5d5eca9f97f8b6001aee9594,5,2.75,73.875,0.9375,3.5,3.5
blocked,5d95dfca33f8930017e85486,1,2.6511627906976742,74.73255813953489,0.6395348837209303,3.4302325581395348,3.546511627906977
blocked,5d95dfca33f8930017e85486,2,2.6666666666666665,81.17391304347827,0.7391304347826086,3.536231884057971,3.4927536231884058
blocked,5d95dfca33f8930017e85486,3,2.6666666666666665,78.29411764705883,0.8235294117647058,3.5294117647058822,3.5294117647058822
blocked,5d95dfca33f8930017e85486,4,2.6666666666666665,75.48484848484848,0.9696969696969697,3.606060606060606,3.515151515151515
blocked,5d95dfca33f8930017e85486,5,2.6666666666666665,77.0,0.8666666666666667,3.6666666666666665,3.6666666666666665
blocked,5e380457679e67000c56b02f,1,2.6867469879518073,75.79518072289157,0.6024096385542169,3.5542168674698793,3.5060240963855422
blocked,5e380457679e67000c56b02f,2,2.621212121212121,78.5,0.8333333333333334,3.4696969696969697,3.4696969696969697
blocked,5e380457679e67000c56b02f,3,2.7254901960784315,76.43137254901961,0.9607843137254902,3.392156862745098,3.4313725490196076
blocked,5e380457679e67000c56b02f,4,2.6285714285714286,79.02857142857142,0.9428571428571428,3.5714285714285716,3.5428571428571427
blocked,5e380457679e67000c56b02f,5,2.6666666666666665,77.61111111111111,1.0,3.5,3.5
blocked,5e5d9d83838bf30bd2a383b9,1,2.630952380952381,78.75,0.5714285714285714,3.5714285714285716,3.4523809523809526
blocked,5e5d9d83838bf30bd2a383b9,2,2.6515151515151514,79.10606060606061,0.6060606060606061,3.409090909090909,3.5303030303030303
blocked,5e5d9d83838bf30bd2a383b9,3,2.69811320754717,72.33962264150944,0.6415094339622641,3.509433962264151,3.547169811320755
blocked,5e5d9d83838bf30bd2a383b9,4,2.7142857142857144,80.45714285714286,0.8571428571428571,3.5714285714285716,3.5428571428571427
blocked,5e5d9d83838bf30bd2a383b9,5,2.6470588235294117,79.0,0.8823529411764706,3.3529411764705883,3.3529411764705883
blocked,5e831dfa79f7fb000c708f84,1,2.63855421686747,76.51807228915662,0.5301204819277109,3.5301204819277108,3.4819277108433737
blocked,5e831dfa79f7fb000c708f84,2,2.6714285714285713,76.8,0.6428571428571429,3.5285714285714285,3.4714285714285715
blocked,5e831dfa79f7fb000c708f84,3,2.7,79.76,0.74,3.52,3.48
blocked,5e831dfa79f7fb000c708f84,4,2.676470588235294,82.67647058823529,0.7647058823529411,3.5,3.5
blocked,5e831dfa79f7fb000c708f84,5,2.764705882352941,71.88235294117646,0.9411764705882353,3.6470588235294117,3.6470588235294117
blocked,5ea81f48037f2805ca7af68a,1,2.686046511627907,76.09302325581395,0.5348837209302325,3.5232558139534884,3.5
blocked,5ea81f48037f2805ca7af68a,2,2.656716417910448,77.68656716417911,0.6119402985074627,3.4925373134328357,3.4776119402985075
blocked,5ea81f48037f2805ca7af68a,3,2.6923076923076925,78.96153846153847,0.6923076923076923,3.480769230769231,3.519230769230769
blocked,5ea81f48037f2805ca7af68a,4,2.588235294117647,76.11764705882354,0.8823529411764706,3.6176470588235294,3.6176470588235294
blocked,5ea81f48037f2805ca7af68a,5,2.6666666666666665,79.93333333333334,0.8,4.0,4.0
blocked,5ea964c06e16ad03e6902d45,1,2.642857142857143,79.42857142857143,0.6428571428571429,3.5238095238095237,3.4523809523809526
blocked,5ea964c06e16ad03e6902d45,2,2.6857142857142855,78.92857142857143,0.7714285714285715,3.4571428571428573,3.4857142857142858
blocked,5ea964c06e16ad03e6902d45,3,2.6923076923076925,74.4423076923077,0.8653846153846154,3.5,3.5
blocked,5ea964c06e16ad03e6902d45,4,2.6363636363636362,77.21212121212122,1.0,3.5454545454545454,3.5757575757575757
blocked,5ea964c06e16ad03e6902d45,5,2.6470588235294117,75.3529411764706,0.9411764705882353,3.3529411764705883,3.3529411764705883
blocked,5edf8803c008532459792282,1,2.6818181818181817,75.01136363636364,0.7386363636363636,3.477272727272727,3.522727272727273
blocked,5edf8803c008532459792282,2,2.6515151515151514,78.39393939393939,0.8939393939393939,3.515151515151515,3.484848484848485
blocked,5edf8803c008532459792282,3,2.62,77.42,0.98,3.46,3.54
blocked,5edf8803c008532459792282,4,2.727272727272727,81.93939393939394,1.0,3.5454545454545454,3.5757575757575757
blocked,5edf8803c008532459792282,5,2.6666666666666665,80.86666666666666,0.9333333333333333,3.3333333333333335,3.3333333333333335
blocked,5eeb6965645c11097b4bae82,1,2.6551724137931036,76.70114942528735,0.5517241379310345,3.5517241379310347,3.4827586206896552
blocked,5eeb6965645c11097b4bae82,2,2.7058823529411766,78.80882352941177,0.6764705882352942,3.5,3.5
blocked,5eeb6965645c11097b4bae82,3,2.641509433962264,76.73584905660377,0.6981132075471698,3.452830188679245,3.490566037735849
blocked,5eeb6965645c11097b4bae82,4,2.6285714285714286,75.4,0.8571428571428571,3.4571428571428573,3.4285714285714284
blocked,5eeb6965645c11097b4bae82,5,2.6666666666666665,74.22222222222223,0.9444444444444444,3.5,3.5
blocked,5efcb50255a06b097b8d5d29,1,2.635294117647059,76.21176470588236,0.6470588235294118,3.5058823529411764,3.4823529411764707
blocked,5efcb50255a06b097b8d5d29,2,2.6857142857142855,77.94285714285714,0.7571428571428571,3.4571428571428573,3.4857142857142858
blocked,5efcb50255a06b097b8d5d29,3,2.7,78.66,0.82,3.48,3.52
blocked,5efcb50255a06b097b8d5d29,4,2.5757575757575757,82.39393939393939,0.7878787878787878,3.5757575757575757,3.5454545454545454
blocked,5efcb50255a06b097b8d5d29,5,2.75,75.5625,0.875,3.5,3.5
blocked,5f0ae85ed1a1d801cf4e8106,1,2.630952380952381,80.14285714285714,0.6666666666666666,3.4404761904761907,3.5357142857142856
blocked,5f0ae85ed1a1d801cf4e8106,2,2.6818181818181817,79.34848484848484,0.696969696969697,3.484848484848485,3.5757575757575757
blocked,5f0ae85ed1a1d801cf4e8106,3,2.673076923076923,77.4423076923077,0.7884615384615384,3.519230769230769,3.5961538461538463
blocked,5f0ae85ed1a1d801cf4e8106,4,2.6666666666666665,75.45454545454545,0.8181818181818182,3.4545454545454546,3.4242424242424243
blocked,5f0ae85ed1a1d801cf4e8106,5,2.6666666666666665,69.55555555555556,0.8333333333333334,3.5,3.5
blocked,5f0b339b48213f430a2e548d,1,2.6265060240963853,77.13253012048193,0.6265060240963856,3.4698795180722892,3.5421686746987953
blocked,5f0b339b48213f430a2e548d,2,2.6417910447761193,79.8955223880597,0.835820895522388,3.537313432835821,3.4925373134328357
blocked,5f0b339b48213f430a2e548d,3,2.673076923076923,75.6923076923077,0.9807692307692307,3.5,3.5
blocked,5f0b339b48213f430a2e548d,4,2.6666666666666665,76.05555555555556,0.9444444444444444,3.5,3.5
blocked,5f0b339b48213f430a2e548d,5,2.75,78.0625,0.9375,3.8125,3.8125
blocked,5f46c67a25a21808e955969a,1,2.7349397590361444,79.59036144578313,0.5662650602409639,3.5301204819277108,3.4578313253012047
blocked,5f46c67a25a21808e955969a,2,2.6515151515151514,77.13636363636364,0.8181818181818182,3.606060606060606,3.5757575757575757
blocked,5f46c67a25a21808e955969a,3,2.627450980392157,81.0,0.8235294117647058,3.450980392156863,3.4901960784313726
blocked,5f46c67a25a21808e955969a,4,2.6666666666666665,77.02777777777777,0.8055555555555556,3.5,3.5
blocked,5f46c67a25a21808e955969a,5,2.6666666666666665,68.61111111111111,0.9444444444444444,3.5,3.5
blocked,5f479b66ccae1c18c6c17105,1,2.6626506024096384,78.63855421686748,0.5060240963855421,3.5421686746987953,3.4698795180722892
blocked,5f479b66ccae1c18c6c17105,2,2.661764705882353,74.57352941176471,0.4852941176470588,3.5,3.5
blocked,5f479b66ccae1c18c6c17105,3,2.64,80.04,0.68,3.48,3.4
blocked,5f479b66ccae1c18c6c17105,4,2.676470588235294,79.79411764705883,0.6470588235294118,3.5294117647058822,3.4705882352941178
blocked,5f479b66ccae1c18c6c17105,5,2.6666666666666665,64.44444444444444,0.7222222222222222,3.5,3.5
blocked,5f49fd29edde0c564e9f83c6,1,2.6707317073170733,79.98780487804878,0.6219512195121951,3.4878048780487805,3.4878048780487805
blocked,5f49fd29edde0c564e9f83c6,2,2.6176470588235294,77.72058823529412,0.8529411764705882,3.4558823529411766,3.485294117647059
blocked,5f49fd29edde0c564e9f83c6,3,2.69811320754717,78.35849056603773,0.8679245283018868,3.547169811320755,3.509433962264151
blocked,5f49fd29edde0c564e9f83c6,4,2.7142857142857144,75.6,0.9142857142857143,3.5714285714285716,3.5428571428571427
blocked,5f49fd29edde0c564e9f83c6,5,2.6666666666666665,71.16666666666667,0.9444444444444444,3.5,3.5
blocked,5f4f43e2d2f0c1191357174c,1,2.647727272727273,76.63636363636364,0.6818181818181818,3.5113636363636362,3.5113636363636362
blocked,5f4f43e2d2f0c1191357174c,2,2.6231884057971016,78.01449275362319,0.8840579710144928,3.449275362318841,3.5217391304347827
blocked,5f4f43e2d2f0c1191357174c,3,2.673076923076923,73.36538461538461,0.9038461538461539,3.5384615384615383,3.576923076923077
blocked,5f4f43e2d2f0c1191357174c,4,2.774193548387097,84.12903225806451,0.9032258064516129,3.4193548387096775,3.4516129032258065
blocked,5f4f43e2d2f0c1191357174c,5,2.75,78.375,1.0,3.5,3.5
blocked,5f50df740cd9d52780816cca,1,2.686046511627907,78.13953488372093,0.5116279069767442,3.488372093023256,3.511627906976744
blocked,5f50df740cd9d52780816cca,2,2.656716417910448,80.56716417910448,0.7313432835820896,3.582089552238806,3.4477611940298507
blocked,5f50df740cd9d52780816cca,3,2.63265306122449,77.61224489795919,0.8571428571428571,3.5918367346938775,3.5918367346938775
blocked,5f50df740cd9d52780816cca,4,2.727272727272727,76.6969696969697,0.9696969696969697,3.606060606060606,3.515151515151515
blocked,5f50df740cd9d52780816cca,5,2.6666666666666665,73.72222222222223,1.0,3.5,3.5
blocked,5f588f227723ca000cc5e08f,1,2.6744186046511627,75.45348837209302,0.6976744186046512,3.511627906976744,3.488372093023256
blocked,5f588f227723ca000cc5e08f,2,2.6956521739130435,76.5072463768116,0.8405797101449275,3.5072463768115942,3.463768115942029
blocked,5f588f227723ca000cc5e08f,3,2.66,82.8,0.94,3.46,3.42
blocked,5f588f227723ca000cc5e08f,4,2.676470588235294,74.26470588235294,0.9411764705882353,3.5,3.5
blocked,5f588f227723ca000cc5e08f,5,2.6470588235294117,83.29411764705883,0.9411764705882353,3.3529411764705883,3.3529411764705883
blocked,5f78a12acd4a784585c83337,1,2.689655172413793,74.64367816091954,0.6781609195402298,3.4942528735632186,3.5402298850574714
blocked,5f78a12acd4a784585c83337,2,2.6231884057971016,77.98550724637681,0.855072463768116,3.449275362318841,3.5217391304347827
blocked,5f78a12acd4a784585c83337,3,2.66,75.92,0.96,3.62,3.5
blocked,5f78a12acd4a784585c83337,4,2.65625,80.5,0.90625,3.65625,3.59375
blocked,5f78a12acd4a784585c83337,5,2.6666666666666665,72.72222222222223,0.8888888888888888,3.5,3.5
blocked,5f8e7920ad6b0d2568a61628,1,2.6987951807228914,75.98795180722891,0.5783132530120482,3.5180722891566263,3.4939759036144578
blocked,5f8e7920ad6b0d2568a61628,2,2.63768115942029,78.7536231884058,0.7681159420289855,3.449275362318841,3.5217391304347827
blocked,5f8e7920ad6b0d2568a61628,3,2.6666666666666665,79.98039215686275,0.8627450980392157,3.549019607843137,3.5098039215686274
blocked,5f8e7920ad6b0d2568a61628,4,2.6285714285714286,76.57142857142857,0.9714285714285714,3.5714285714285716,3.5428571428571427
blocked,5f8e7920ad6b0d2568a61628,5,2.764705882352941,79.88235294117646,0.8823529411764706,3.6470588235294117,3.6470588235294117
blocked,5f9197ba39d009000b3d9268,1,2.627906976744186,73.70930232558139,0.5,3.511627906976744,3.511627906976744
blocked,5f9197ba39d009000b3d9268,2,2.621212121212121,81.36363636363636,0.5606060606060606,3.4545454545454546,3.484848484848485
blocked,5f9197ba39d009000b3d9268,3,2.6862745098039214,76.47058823529412,0.6862745098039216,3.549019607843137,3.5098039215686274
blocked,5f9197ba39d009000b3d9268,4,2.78125,83.34375,0.59375,3.46875,3.53125
blocked,5f9197ba39d009000b3d9268,5,2.6666666666666665,76.83333333333333,0.6666666666666666,3.5,3.5
blocked,5f97f80e8279d602b5dfd6b1,1,2.6588235294117646,78.97647058823529,0.6352941176470588,3.5176470588235293,3.4705882352941178
blocked,5f97f80e8279d602b5dfd6b1,2,2.6470588235294117,78.1029411764706,0.8088235294117647,3.5294117647058822,3.588235294117647
blocked,5f97f80e8279d602b5dfd6b1,3,2.7254901960784315,76.09803921568627,0.9215686274509803,3.5098039215686274,3.549019607843137
blocked,5f97f80e8279d602b5dfd6b1,4,2.676470588235294,78.61764705882354,0.9705882352941176,3.4705882352941178,3.5294117647058822
blocked,5f97f80e8279d602b5dfd6b1,5,2.6470588235294117,69.0,0.9411764705882353,3.6470588235294117,3.6470588235294117
blocked,5fae30cda7efa227b8d84b72,1,2.635294117647059,78.03529411764706,0.5176470588235295,3.541176470588235,3.4235294117647057
blocked,5fae30cda7efa227b8d84b72,2,2.6666666666666665,76.57971014492753,0.6521739130434783,3.536231884057971,3.550724637681159
blocked,5fae30cda7efa227b8d84b72,3,2.72,78.38,0.8,3.54,3.58
blocked,5fae30cda7efa227b8d84b72,4,2.588235294117647,77.08823529411765,0.9117647058823529,3.4705882352941178,3.5294117647058822
blocked,5fae30cda7efa227b8d84b72,5,2.6666666666666665,73.38888888888889,0.8888888888888888,3.5,3.5
blocked,5fc78656c7368206ab1c5174,1,2.6823529411764704,75.87058823529412,0.5411764705882353,3.5176470588235293,3.4941176470588236
blocked,5fc78656c7368206ab1c5174,2,2.6619718309859155,78.15492957746478,0.8169014084507042,3.492957746478873,3.535211267605634
blocked,5fc78656c7368206ab1c5174,3,2.64,79.26,0.8,3.58,3.54
blocked,5fc78656c7368206ab1c5174,4,2.6666666666666665,78.63888888888889,0.9166666666666666,3.5,3.5
blocked,5fc78656c7368206ab1c5174,5,2.6666666666666665,68.44444444444444,0.8888888888888888,3.5,3.5
blocked,5fd6303361f8c14cb485a447,1,2.6785714285714284,76.38095238095238,0.7023809523809523,3.5833333333333335,3.4642857142857144
blocked,5fd6303361f8c14cb485a447,2,2.7313432835820897,77.23880597014926,0.8507462686567164,3.4477611940298507,3.5223880597014925
blocked,5fd6303361f8c14cb485a447,3,2.641509433962264,77.0377358490566,0.9245283018867925,3.509433962264151,3.547169811320755
blocked,5fd6303361f8c14cb485a447,4,2.588235294117647,77.20588235294117,0.9411764705882353,3.6176470588235294,3.6176470588235294
blocked,5fd6303361f8c14cb485a447,5,2.6666666666666665,77.94444444444444,1.0,3.5,3.5
blocked,5fe848f115b59b69cf9b06b6,1,2.6744186046511627,78.17441860465117,0.5,3.5232558139534884,3.5232558139534884
blocked,5fe848f115b59b69cf9b06b6,2,2.652173913043478,76.79710144927536,0.7101449275362319,3.536231884057971,3.4347826086956523
blocked,5fe848f115b59b69cf9b06b6,3,2.673469387755102,78.93877551020408,0.7959183673469388,3.5510204081632653,3.63265306122449
blocked,5fe848f115b59b69cf9b06b6,4,2.676470588235294,74.29411764705883,0.8823529411764706,3.3823529411764706,3.3823529411764706
blocked,5fe848f115b59b69cf9b06b6,5,2.5625,80.125,0.9375,3.8125,3.8125
blocked,5fea380c6d65c5a2c35295c7,1,2.6436781609195403,75.26436781609195,0.5747126436781609,3.4482758620689653,3.5402298850574714
blocked,5fea380c6d65c5a2c35295c7,2,2.696969696969697,77.07575757575758,0.6818181818181818,3.606060606060606,3.515151515151515
blocked,5fea380c6d65c5a2c35295c7,3,2.7,80.76,0.74,3.56,3.56
blocked,5fea380c6d65c5a2c35295c7,4,2.6176470588235294,76.82352941176471,0.8529411764705882,3.6470588235294117,3.588235294117647
blocked,5fea380c6d65c5a2c35295c7,5,2.6666666666666665,77.61111111111111,0.8888888888888888,3.5,3.5
blocked,5ff0e5622178d14ee91e938a,1,2.710843373493976,78.13253012048193,0.6746987951807228,3.4939759036144578,3.5180722891566263
blocked,5ff0e5622178d14ee91e938a,2,2.611940298507463,79.6268656716418,0.5970149253731343,3.4925373134328357,3.5970149253731343
blocked,5ff0e5622178d14ee91e938a,3,2.673076923076923,73.38461538461539,0.7692307692307693,3.480769230769231,3.4038461538461537
blocked,5ff0e5622178d14ee91e938a,4,2.6666666666666665,79.36111111111111,0.8055555555555556,3.5,3.5
blocked,5ff0e5622178d14ee91e938a,5,2.6666666666666665,84.33333333333333,0.8,3.6666666666666665,3.6666666666666665
blocked,5ffd80c185e28327669b51f5,1,2.642857142857143,76.02380952380952,0.5952380952380952,3.4285714285714284,3.5952380952380953
blocked,5ffd80c185e28327669b51f5,2,2.608695652173913,78.17391304347827,0.6811594202898551,3.5072463768115942,3.463768115942029
blocked,5ffd80c185e28327669b51f5,3,2.76,79.04,0.66,3.56,3.44
blocked,5ffd80c185e28327669b51f5,4,2.7142857142857144,79.14285714285714,0.7428571428571429,3.5714285714285716,3.5428571428571427
blocked,5ffd80c185e28327669b51f5,5,2.6470588235294117,79.76470588235294,0.8235294117647058,3.3529411764705883,3.3529411764705883
blocked,6016bbe3a28c6014fd3236b8,1,2.6818181818181817,76.4659090909091,0.6136363636363636,3.4431818181818183,3.534090909090909
blocked,6016bbe3a28c6014fd3236b8,2,2.626865671641791,78.31343283582089,0.6865671641791045,3.4477611940298507,3.462686567164179
blocked,6016bbe3a28c6014fd3236b8,3,2.6595744680851063,81.36170212765957,0.851063829787234,3.425531914893617,3.5106382978723403
blocked,6016bbe3a28c6014fd3236b8,4,2.6285714285714286,76.6,0.9714285714285714,3.5714285714285716,3.5428571428571427
blocked,6016bbe3a28c6014fd3236b8,5,2.6666666666666665,74.33333333333333,0.8888888888888888,3.5,3.5
blocked,60172619600dc1955ba05f5c,1,2.6470588235294117,73.83529411764705,0.6,3.4941176470588236,3.541176470588235
blocked,60172619600dc1955ba05f5c,2,2.6666666666666665,78.24242424242425,0.7272727272727273,3.5606060606060606,3.5
blocked,60172619600dc1955ba05f5c,3,2.6666666666666665,79.11111111111111,0.8518518518518519,3.5,3.5
blocked,60172619600dc1955ba05f5c,4,2.7058823529411766,77.97058823529412,0.7058823529411765,3.5,3.5
blocked,60172619600dc1955ba05f5c,5,2.6666666666666665,75.88888888888889,0.6111111111111112,3.5,3.5
blocked,6022d52a41138f0a5a73d330,1,2.6626506024096384,76.95180722891567,0.6265060240963856,3.5542168674698793,3.4578313253012047
blocked,6022d52a41138f0a5a73d330,2,2.6666666666666665,77.17391304347827,0.7681159420289855,3.5217391304347827,3.5072463768115942
blocked,6022d52a41138f0a5a73d330,3,2.64,75.92,0.88,3.6,3.52
blocked,6022d52a41138f0a5a73d330,4,2.676470588235294,81.11764705882354,0.9411764705882353,3.6470588235294117,3.588235294117647
blocked,6022d52a41138f0a5a73d330,5,2.764705882352941,73.58823529411765,0.8823529411764706,3.6470588235294117,3.6470588235294117
blocked,6023cb37c452c802d4092a35,1,2.6823529411764704,77.2235294117647,0.5529411764705883,3.5176470588235293,3.4941176470588236
blocked,6023cb37c452c802d4092a35,2,2.611940298507463,77.46268656716418,0.746268656716418,3.5074626865671643,3.582089552238806
blocked,6023cb37c452c802d4092a35,3,2.68,81.82,0.84,3.48,3.52
blocked,6023cb37c452c802d4092a35,4,2.7058823529411766,77.11764705882354,0.8529411764705882,3.5,3.5
blocked,6023cb37c452c802d4092a35,5,2.6666666666666665,68.38888888888889,1.0,3.5,3.5
blocked,602d2adcef81ce6b843da09b,1,2.7294117647058824,77.23529411764706,0.5882352941176471,3.541176470588235,3.4941176470588236
blocked,602d2adcef81ce6b843da09b,2,2.6176470588235294,79.16176470588235,0.7647058823529411,3.514705882352941,3.485294117647059
blocked,602d2adcef81ce6b843da09b,3,2.6666666666666665,78.70588235294117,0.8823529411764706,3.5098039215686274,3.4313725490196076
blocked,602d2adcef81ce6b843da09b,4,2.65625,77.1875,1.0,3.53125,3.46875
blocked,602d2adcef81ce6b843da09b,5,2.6470588235294117,75.94117647058823,1.0,3.6470588235294117,3.6470588235294117
blocked,60407d08a1523627f8428de6,1,2.6588235294117646,78.27058823529411,0.5764705882352941,3.5058823529411764,3.5294117647058822
blocked,60407d08a1523627f8428de6,2,2.6619718309859155,73.84507042253522,0.6197183098591549,3.5211267605633805,3.507042253521127
blocked,60407d08a1523627f8428de6,3,2.693877551020408,78.77551020408163,0.673469387755102,3.510204081632653,3.5510204081632653
blocked,60407d08a1523627f8428de6,4,2.696969696969697,78.66666666666667,0.6060606060606061,3.5454545454545454,3.5757575757575757
blocked,60407d08a1523627f8428de6,5,2.6666666666666665,82.11111111111111,0.6111111111111112,3.5,3.5
blocked,605de3af48d7a575adb95b09,1,2.6547619047619047,76.79761904761905,0.5476190476190477,3.4404761904761907,3.5833333333333335
blocked,605de3af48d7a575adb95b09,2,2.6911764705882355,76.19117647058823,0.8235294117647058,3.485294117647059,3.514705882352941
blocked,605de3af48d7a575adb95b09,3,2.62,81.52,0.9,3.48,3.52
blocked,605de3af48d7a575adb95b09,4,2.676470588235294,75.05882352941177,0.9117647058823529,3.3823529411764706,3.3823529411764706
blocked,605de3af48d7a575adb95b09,5,2.6470588235294117,73.41176470588235,1.0,3.3529411764705883,3.3529411764705883
blocked,60662064c4e2b814215e6890,1,2.686046511627907,75.5,0.5581395348837209,3.4651162790697674,3.5348837209302326
blocked,60662064c4e2b814215e6890,2,2.642857142857143,75.57142857142857,0.6142857142857143,3.4571428571428573,3.5428571428571427
blocked,60662064c4e2b814215e6890,3,2.693877551020408,82.3061224489796,0.5714285714285714,3.510204081632653,3.5510204081632653
blocked,60662064c4e2b814215e6890,4,2.625,78.8125,0.59375,3.59375,3.65625
blocked,60662064c4e2b814215e6890,5,2.6666666666666665,77.33333333333333,0.8333333333333334,3.5,3.5
blocked,606dea112436631b694c56ad,1,2.6511627906976742,75.54651162790698,0.627906976744186,3.4767441860465116,3.5232558139534884
blocked,606dea112436631b694c56ad,2,2.6417910447761193,79.64179104477611,0.746268656716418,3.5522388059701493,3.4776119402985075
blocked,606dea112436631b694c56ad,3,2.660377358490566,76.67924528301887,0.8113207547169812,3.547169811320755,3.509433962264151
blocked,606dea112436631b694c56ad,4,2.657142857142857,75.17142857142858,1.0,3.5428571428571427,3.5714285714285716
blocked,606dea112436631b694c56ad,5,2.764705882352941,69.05882352941177,1.0,3.6470588235294117,3.6470588235294117
blocked,60756f9e9d9d92237b1cc691,1,2.642857142857143,78.46428571428571,0.5119047619047619,3.4404761904761907,3.5595238095238093
blocked,60756f9e9d9d92237b1cc691,2,2.6470588235294117,76.1029411764706,0.6617647058823529,3.4705882352941178,3.4705882352941178
blocked,60756f9e9d9d92237b1cc691,3,2.641509433962264,72.50943396226415,0.7358490566037735,3.509433962264151,3.547169811320755
blocked,60756f9e9d9d92237b1cc691,4,2.676470588235294,76.97058823529412,0.7941176470588235,3.5294117647058822,3.4705882352941178
blocked,60756f9e9d9d92237b1cc691,5,2.8666666666666667,85.06666666666666,0.8,3.6666666666666665,3.6666666666666665
blocked,608b445691f3225d81ca0f02,1,2.6666666666666665,73.66666666666667,0.6,3.5,3.5
blocked,608b445691f3225d81ca0f02,2,2.6825396825396823,81.80952380952381,0.6825396825396826,3.492063492063492,3.4761904761904763
blocked,608b445691f3225d81ca0f02,3,2.6666666666666665,77.23529411764706,0.8235294117647058,3.4901960784313726,3.450980392156863
blocked,608b445691f3225d81ca0f02,4,2.676470588235294,75.32352941176471,0.8529411764705882,3.5294117647058822,3.4705882352941178
blocked,608b445691f3225d81ca0f02,5,2.6666666666666665,80.94444444444444,0.8888888888888888,3.5,3.5
blocked,608fad5ef7c5dc389d357601,1,2.6666666666666665,77.28735632183908,0.5287356321839081,3.4482758620689653,3.586206896551724
blocked,608fad5ef7c5dc389d357601,2,2.6666666666666665,77.8695652173913,0.6811594202898551,3.4927536231884058,3.536231884057971
blocked,608fad5ef7c5dc389d357601,3,2.66,77.1,0.66,3.58,3.54
blocked,608fad5ef7c5dc389d357601,4,2.71875,80.84375,0.65625,3.5625,3.4375
blocked,608fad5ef7c5dc389d357601,5,2.6470588235294117,71.23529411764706,0.8823529411764706,3.6470588235294117,3.6470588235294117
blocked,6090755b3aebf491674a5e86,1,2.6551724137931036,76.40229885057471,0.5632183908045977,3.4827586206896552,3.5057471264367814
blocked,6090755b3aebf491674a5e86,2,2.626865671641791,79.35820895522389,0.746268656716418,3.5074626865671643,3.5223880597014925
blocked,6090755b3aebf491674a5e86,3,2.6470588235294117,76.84313725490196,0.7843137254901961,3.607843137254902,3.5686274509803924
blocked,6090755b3aebf491674a5e86,4,2.757575757575758,81.12121212121212,0.8181818181818182,3.3333333333333335,3.303030303030303
blocked,6090755b3aebf491674a5e86,5,2.6875,75.25,0.9375,3.1875,3.1875
blocked,6094f14e5f0014a68821c2c1,1,2.6744186046511627,78.19767441860465,0.5465116279069767,3.5232558139534884,3.453488372093023
blocked,6094f14e5f0014a68821c2c1,2,2.701492537313433,77.41791044776119,0.835820895522388,3.537313432835821,3.4925373134328357
blocked,6094f14e5f0014a68821c2c1,3,2.6666666666666665,72.46296296296296,0.8518518518518519,3.5,3.5
blocked,6094f14e5f0014a68821c2c1,4,2.6129032258064515,82.61290322580645,0.967741935483871,3.4838709677419355,3.3870967741935485
blocked,6094f14e5f0014a68821c2c1,5,2.588235294117647,77.70588235294117,0.9411764705882353,3.6470588235294117,3.6470588235294117
blocked,609d8a9bcd1d366a1e6e7148,1,2.6219512195121952,77.64634146341463,0.7682926829268293,3.5121951219512195,3.4634146341463414
blocked,609d8a9bcd1d366a1e6e7148,2,2.652173913043478,76.02898550724638,0.8695652173913043,3.4927536231884058,3.4782608695652173
blocked,609d8a9bcd1d366a1e6e7148,3,2.673076923076923,79.4423076923077,0.9807692307692307,3.5576923076923075,3.5576923076923075
blocked,609d8a9bcd1d366a1e6e7148,4,2.7142857142857144,76.74285714285715,0.9142857142857143,3.5714285714285716,3.5428571428571427
blocked,609d8a9bcd1d366a1e6e7148,5,2.75,80.3125,0.9375,3.8125,3.8125
blocked,60a2f63edb72812b711ba128,1,2.658536585365854,77.57317073170732,0.6463414634146342,3.5121951219512195,3.4634146341463414
blocked,60a2f63edb72812b711ba128,2,2.63768115942029,79.6231884057971,0.8695652173913043,3.5072463768115942,3.463768115942029
blocked,60a2f63edb72812b711ba128,3,2.673076923076923,75.17307692307692,0.9615384615384616,3.519230769230769,3.5961538461538463
blocked,60a2f63edb72812b711ba128,4,2.727272727272727,78.15151515151516,1.0,3.5757575757575757,3.5454545454545454
blocked,60a2f63edb72812b711ba128,5,2.6666666666666665,76.5,0.8888888888888888,3.5,3.5
blocked,60b411574a94f184e4412508,1,2.6626506024096384,78.01204819277109,0.6626506024096386,3.4698795180722892,3.5421686746987953
blocked,60b411574a94f184e4412508,2,2.7142857142857144,74.94285714285714,0.7714285714285715,3.4571428571428573,3.4857142857142858
blocked,60b411574a94f184e4412508,3,2.6862745098039214,79.43137254901961,0.7843137254901961,3.392156862745098,3.4313725490196076
blocked,60b411574a94f184e4412508,4,2.65625,80.53125,0.875,3.46875,3.53125
blocked,60b411574a94f184e4412508,5,2.6470588235294117,81.11764705882354,0.8823529411764706,3.6470588235294117,3.6470588235294117
blocked,60b7a01b6e132a6ed8c92b8d,1,2.6588235294117646,81.2,0.5882352941176471,3.4705882352941178,3.4941176470588236
blocked,60b7a01b6e132a6ed8c92b8d,2,2.6666666666666665,75.43478260869566,0.7101449275362319,3.5072463768115942,3.463768115942029
blocked,60b7a01b6e132a6ed8c92b8d,3,2.7058823529411766,76.29411764705883,0.8235294117647058,3.450980392156863,3.4901960784313726
blocked,60b7a01b6e132a6ed8c92b8d,4,2.764705882352941,72.79411764705883,0.8529411764705882,3.6176470588235294,3.6176470588235294
blocked,60b7a01b6e132a6ed8c92b8d,5,2.6470588235294117,79.70588235294117,1.0,3.3529411764705883,3.3529411764705883
blocked,60b7e1bcfe148de04d17624b,1,2.6705882352941175,78.67058823529412,0.5411764705882353,3.5058823529411764,3.4823529411764707
blocked,60b7e1bcfe148de04d17624b,2,2.63768115942029,75.85507246376811,0.8695652173913043,3.4927536231884058,3.420289855072464
blocked,60b7e1bcfe148de04d17624b,3,2.673076923076923,73.53846153846153,0.8846153846153846,3.480769230769231,3.4038461538461537
blocked,60b7e1bcfe148de04d17624b,4,2.6470588235294117,80.29411764705883,0.9117647058823529,3.4705882352941178,3.5294117647058822
blocked,60b7e1bcfe148de04d17624b,5,2.6875,80.6875,1.0,3.8125,3.8125
blocked,60b9f19d122c7adf0c37899c,1,2.67816091954023,78.3103448275862,0.5632183908045977,3.528735632183908,3.4827586206896552
blocked,60b9f19d122c7adf0c37899c,2,2.6865671641791047,77.13432835820896,0.8059701492537313,3.5522388059701493,3.537313432835821
blocked,60b9f19d122c7adf0c37899c,3,2.6122448979591835,78.22448979591837,0.8367346938775511,3.4285714285714284,3.510204081632653
blocked,60b9f19d122c7adf0c37899c,4,2.6666666666666665,74.47222222222223,0.8611111111111112,3.5,3.5
blocked,60b9f19d122c7adf0c37899c,5,2.764705882352941,76.6470588235294,0.8235294117647058,3.3529411764705883,3.3529411764705883
blocked,60c1f0e3708c6bcc65473102,1,2.6551724137931036,78.54022988505747,0.5632183908045977,3.5517241379310347,3.4597701149425286
blocked,60c1f0e3708c6bcc65473102,2,2.710144927536232,77.33333333333333,0.6231884057971014,3.5652173913043477,3.5217391304347827
blocked,60c1f0e3708c6bcc65473102,3,2.62,74.26,0.76,3.52,3.48
blocked,60c1f0e3708c6bcc65473102,4,2.764705882352941,75.29411764705883,0.6470588235294118,3.5,3.5
blocked,60c1f0e3708c6bcc65473102,5,2.6470588235294117,73.17647058823529,0.6470588235294118,3.3529411764705883,3.3529411764705883
blocked,60c3c8f790736ad8d329816b,1,2.632183908045977,76.66666666666667,0.6206896551724138,3.4827586206896552,3.528735632183908
blocked,60c3c8f790736ad8d329816b,2,2.6865671641791047,76.0,0.7611940298507462,3.582089552238806,3.4477611940298507
blocked,60c3c8f790736ad8d329816b,3,2.74,80.76,0.96,3.42,3.46
blocked,60c3c8f790736ad8d329816b,4,2.6176470588235294,76.1470588235294,0.9705882352941176,3.3823529411764706,3.3823529411764706
blocked,60c3c8f790736ad8d329816b,5,2.6470588235294117,79.58823529411765,0.9411764705882353,3.3529411764705883,3.3529411764705883
blocked,60de4cc94dfda4d9e1948e6d,1,2.6744186046511627,79.37209302325581,0.6511627906976745,3.511627906976744,3.488372093023256
blocked,60de4cc94dfda4d9e1948e6d,2,2.661764705882353,76.3970588235294,0.7647058823529411,3.514705882352941,3.5441176470588234
blocked,60de4cc94dfda4d9e1948e6d,3,2.64,78.1,0.8,3.44,3.56
blocked,60de4cc94dfda4d9e1948e6d,4,2.6666666666666665,74.6969696969697,0.8787878787878788,3.515151515151515,3.606060606060606
blocked,60de4cc94dfda4d9e1948e6d,5,2.6666666666666665,74.11111111111111,1.0,3.5,3.5
blocked,60e4b0afe802caf0d246a002,1,2.662921348314607,76.52808988764045,0.6629213483146067,3.4719101123595504,3.5168539325842696
blocked,60e4b0afe802caf0d246a002,2,2.6666666666666665,76.13636363636364,0.7575757575757576,3.484848484848485,3.4545454545454546
blocked,60e4b0afe802caf0d246a002,3,2.7142857142857144,78.91836734693878,0.8367346938775511,3.4081632653061225,3.5306122448979593
blocked,60e4b0afe802caf0d246a002,4,2.6470588235294117,75.79411764705883,0.9411764705882353,3.5294117647058822,3.4705882352941178
blocked,60e4b0afe802caf0d246a002,5,2.764705882352941,83.11764705882354,1.0,3.6470588235294117,3.6470588235294117
blocked,60f6f802c0ede08f7cf69720,1,2.6463414634146343,78.97560975609755,0.5853658536585366,3.426829268292683,3.524390243902439
blocked,60f6f802c0ede08f7cf69720,2,2.6470588235294117,77.32352941176471,0.6470588235294118,3.4411764705882355,3.5
blocked,60f6f802c0ede08f7cf69720,3,2.69811320754717,75.0377358490566,0.7358490566037735,3.4716981132075473,3.4716981132075473
blocked,60f6f802c0ede08f7cf69720,4,2.6176470588235294,77.05882352941177,0.8823529411764706,3.5,3.5
blocked,60f6f802c0ede08f7cf69720,5,2.75,76.1875,0.9375,3.5,3.5
blocked,60f9425c7cd7f5e12ccd1b9b,1,2.630952380952381,76.67857142857143,0.6190476190476191,3.511904761904762,3.488095238095238
blocked,60f9425c7cd7f5e12ccd1b9b,2,2.6818181818181817,81.77272727272727,0.7727272727272727,3.484848484848485,3.4545454545454546
blocked,60f9425c7cd7f5e12ccd1b9b,3,2.607843137254902,75.82352941176471,0.8627450980392157,3.5294117647058822,3.5294117647058822
blocked,60f9425c7cd7f5e12ccd1b9b,4,2.7142857142857144,73.4,0.8571428571428571,3.4285714285714284,3.4571428571428573
blocked,60f9425c7cd7f5e12ccd1b9b,5,2.6666666666666665,71.38888888888889,0.9444444444444444,3.5,3.5
blocked,611185b202b19cd1deae11e1,1,2.6511627906976742,77.73255813953489,0.5465116279069767,3.546511627906977,3.4767441860465116
blocked,611185b202b19cd1deae11e1,2,2.6515151515151514,78.62121212121212,0.7727272727272727,3.5303030303030303,3.4696969696969697
blocked,611185b202b19cd1deae11e1,3,2.6666666666666665,76.09803921568627,0.8823529411764706,3.411764705882353,3.411764705882353
blocked,611185b202b19cd1deae11e1,4,2.7058823529411766,72.17647058823529,0.9411764705882353,3.3529411764705883,3.411764705882353
blocked,611185b202b19cd1deae11e1,5,2.6470588235294117,79.6470588235294,1.0,3.3529411764705883,3.3529411764705883
blocked,6113d948bcb1f232c85bdcf3,1,2.6436781609195403,75.60919540229885,0.6781609195402298,3.4942528735632186,3.5172413793103448
blocked,6113d948bcb1f232c85bdcf3,2,2.696969696969697,79.5,0.8636363636363636,3.5303030303030303,3.4696969696969697
blocked,6113d948bcb1f232c85bdcf3,3,2.7254901960784315,75.80392156862744,0.9411764705882353,3.5294117647058822,3.5294117647058822
blocked,6113d948bcb1f232c85bdcf3,4,2.676470588235294,79.20588235294117,0.9411764705882353,3.5294117647058822,3.4705882352941178
blocked,6113d948bcb1f232c85bdcf3,5,2.588235294117647,83.6470588235294,0.9411764705882353,3.6470588235294117,3.6470588235294117
blocked,62714a240ed387f760f6741b,1,2.6588235294117646,78.32941176470588,0.6588235294117647,3.4941176470588236,3.4941176470588236
blocked,62714a240ed387f760f6741b,2,2.6615384615384614,77.21538461538462,0.7692307692307693,3.476923076923077,3.4307692307692306
blocked,62714a240ed387f760f6741b,3,2.6346153846153846,73.67307692307692,0.8076923076923077,3.5961538461538463,3.519230769230769
blocked,62714a240ed387f760f6741b,4,2.7142857142857144,79.48571428571428,0.9142857142857143,3.5428571428571427,3.5714285714285716
blocked,62714a240ed387f760f6741b,5,2.764705882352941,77.05882352941177,1.0,3.3529411764705883,3.3529411764705883
blocked,628f7669ee68aabf3930123b,1,2.674698795180723,78.56626506024097,0.6385542168674698,3.4698795180722892,3.5421686746987953
blocked,628f7669ee68aabf3930123b,2,2.6363636363636362,75.51515151515152,0.8484848484848485,3.5,3.4393939393939394
blocked,628f7669ee68aabf3930123b,3,2.6862745098039214,78.15686274509804,0.9215686274509803,3.607843137254902,3.5686274509803924
blocked,628f7669ee68aabf3930123b,4,2.6666666666666665,74.16666666666667,0.9444444444444444,3.5,3.5
blocked,628f7669ee68aabf3930123b,5,2.6666666666666665,81.55555555555556,1.0,3.5,3.5
blocked,629e1422d8de28b42ae1a214,1,2.6744186046511627,73.77906976744185,0.5930232558139535,3.5232558139534884,3.4767441860465116
blocked,629e1422d8de28b42ae1a214,2,2.661764705882353,77.04411764705883,0.7647058823529411,3.5294117647058822,3.4705882352941178
blocked,629e1422d8de28b42ae1a214,3,2.730769230769231,83.5,0.9230769230769231,3.5,3.5
blocked,629e1422d8de28b42ae1a214,4,2.6363636363636362,77.18181818181819,0.9393939393939394,3.5757575757575757,3.5454545454545454
blocked,629e1422d8de28b42ae1a214,5,2.588235294117647,72.94117647058823,0.8823529411764706,3.6470588235294117,3.6470588235294117
blocked,62e2a17e9e237215b5554676,1,2.6705882352941175,75.98823529411764,0.7058823529411765,3.6,3.411764705882353
blocked,62e2a17e9e237215b5554676,2,2.6666666666666665,76.10144927536231,0.9130434782608695,3.449275362318841,3.463768115942029
blocked,62e2a17e9e237215b5554676,3,2.6923076923076925,79.15384615384616,0.9807692307692307,3.5,3.5
blocked,62e2a17e9e237215b5554676,4,2.71875,81.8125,0.96875,3.46875,3.53125
blocked,62e2a17e9e237215b5554676,5,2.5,83.6875,1.0,3.5,3.5
blocked,6342d1cdc60c1743d86b5065,1,2.686046511627907,77.80232558139535,0.5465116279069767,3.511627906976744,3.488372093023256
blocked,6342d1cdc60c1743d86b5065,2,2.6470588235294117,76.54411764705883,0.7205882352941176,3.514705882352941,3.426470588235294
blocked,6342d1cdc60c1743d86b5065,3,2.660377358490566,74.28301886792453,0.8490566037735849,3.4716981132075473,3.4716981132075473
blocked,6342d1cdc60c1743d86b5065,4,2.764705882352941,78.70588235294117,0.9705882352941176,3.3823529411764706,3.3823529411764706
blocked,6342d1cdc60c1743d86b5065,5,2.5625,82.4375,0.875,3.5,3.5
blocked,63b3071eb51f26037ce0bfb1,1,2.6627906976744184,77.02325581395348,0.6511627906976745,3.488372093023256,3.488372093023256
blocked,63b3071eb51f26037ce0bfb1,2,2.716417910447761,76.34328358208955,0.8955223880597015,3.4776119402985075,3.4925373134328357
blocked,63b3071eb51f26037ce0bfb1,3,2.6346153846153846,77.28846153846153,0.8846153846153846,3.519230769230769,3.480769230769231
blocked,63b3071eb51f26037ce0bfb1,4,2.676470588235294,78.02941176470588,0.8823529411764706,3.5,3.5
blocked,63b3071eb51f26037ce0bfb1,5,2.5,80.25,0.9375,3.5,3.5
blocked,63cfeeae707bca4ddee3eb11,1,2.6511627906976742,77.01162790697674,0.5,3.511627906976744,3.4651162790697674
blocked,63cfeeae707bca4ddee3eb11,2,2.656716417910448,78.0,0.6417910447761194,3.5074626865671643,3.462686567164179
blocked,63cfeeae707bca4ddee3eb11,3,2.6666666666666665,77.66666666666667,0.8627450980392157,3.4705882352941178,3.4705882352941178
blocked,63cfeeae707bca4ddee3eb11,4,2.727272727272727,77.15151515151516,0.9696969696969697,3.515151515151515,3.606060606060606
blocked,63cfeeae707bca4ddee3eb11,5,2.588235294117647,81.47058823529412,0.8823529411764706,3.3529411764705883,3.3529411764705883
blocked,63cffe20bc797448bbef3633,1,2.6511627906976742,74.76744186046511,0.5697674418604651,3.511627906976744,3.488372093023256
blocked,63cffe20bc797448bbef3633,2,2.621212121212121,78.5909090909091,0.7272727272727273,3.5606060606060606,3.5606060606060606
blocked,63cffe20bc797448bbef3633,3,2.673076923076923,74.92307692307692,0.7884615384615384,3.5,3.5
blocked,63cffe20bc797448bbef3633,4,2.75,79.78125,0.8125,3.53125,3.46875
blocked,63cffe20bc797448bbef3633,5,2.6470588235294117,80.0,0.8823529411764706,3.6470588235294117,3.6470588235294117
blocked,63d15649dea892e4f6061f4f,1,2.6511627906976742,79.82558139534883,0.5232558139534884,3.4767441860465116,3.5232558139534884
blocked,63d15649dea892e4f6061f4f,2,2.652173913043478,74.79710144927536,0.5217391304347826,3.5072463768115942,3.463768115942029
blocked,63d15649dea892e4f6061f4f,3,2.6470588235294117,74.15686274509804,0.5882352941176471,3.450980392156863,3.4901960784313726
blocked,63d15649dea892e4f6061f4f,4,2.764705882352941,77.88235294117646,0.6470588235294118,3.3823529411764706,3.3823529411764706
blocked,63d15649dea892e4f6061f4f,5,2.5625,78.6875,0.6875,3.5,3.5
blocked,63d19dda328a7722589796a3,1,2.7023809523809526,77.66666666666667,0.6547619047619048,3.511904761904762,3.488095238095238
blocked,63d19dda328a7722589796a3,2,2.6666666666666665,74.94202898550725,0.6811594202898551,3.449275362318841,3.5217391304347827
blocked,63d19dda328a7722589796a3,3,2.6346153846153846,74.36538461538461,0.8846153846153846,3.519230769230769,3.480769230769231
blocked,63d19dda328a7722589796a3,4,2.6285714285714286,76.71428571428571,0.9714285714285714,3.5714285714285716,3.5428571428571427
blocked,63d19dda328a7722589796a3,5,2.5625,82.8125,1.0,3.1875,3.1875
blocked,63d688c23553dbeed3f61e92,1,2.6,78.04705882352941,0.6235294117647059,3.5176470588235293,3.4705882352941178
blocked,63d688c23553dbeed3f61e92,2,2.7313432835820897,78.83582089552239,0.7313432835820896,3.4776119402985075,3.611940298507463
blocked,63d688c23553dbeed3f61e92,3,2.6923076923076925,75.21153846153847,0.9230769230769231,3.4615384615384617,3.5384615384615383
blocked,63d688c23553dbeed3f61e92,4,2.6285714285714286,75.54285714285714,0.9142857142857143,3.4571428571428573,3.4285714285714284
blocked,63d688c23553dbeed3f61e92,5,2.6470588235294117,71.76470588235294,1.0,3.6470588235294117,3.6470588235294117
blocked,63e51c2e943e72306dfa8cdc,1,2.635294117647059,77.97647058823529,0.5529411764705883,3.4823529411764707,3.5058823529411764
blocked,63e51c2e943e72306dfa8cdc,2,2.716417910447761,77.50746268656717,0.5522388059701493,3.5970149253731343,3.5522388059701493
blocked,63e51c2e943e72306dfa8cdc,3,2.69811320754717,76.09433962264151,0.6226415094339622,3.547169811320755,3.509433962264151
blocked,63e51c2e943e72306dfa8cdc,4,2.6666666666666665,74.25,0.6666666666666666,3.5,3.5
blocked,63e51c2e943e72306dfa8cdc,5,2.6666666666666665,78.11111111111111,0.6666666666666666,3.5,3.5
blocked,63e51d31a345fde2cafda252,1,2.6463414634146343,79.60975609756098,0.573170731707317,3.451219512195122,3.573170731707317
blocked,63e51d31a345fde2cafda252,2,2.652173913043478,78.73913043478261,0.8260869565217391,3.4782608695652173,3.4927536231884058
blocked,63e51d31a345fde2cafda252,3,2.660377358490566,73.66037735849056,0.9622641509433962,3.490566037735849,3.452830188679245
blocked,63e51d31a345fde2cafda252,4,2.7142857142857144,76.51428571428572,0.9142857142857143,3.5428571428571427,3.5714285714285716
blocked,63e51d31a345fde2cafda252,5,2.764705882352941,75.70588235294117,0.9411764705882353,3.3529411764705883,3.3529411764705883
blocked,63ea4151313771a945ff83b7,1,2.6547619047619047,76.35714285714286,0.5952380952380952,3.4761904761904763,3.5238095238095237
blocked,63ea4151313771a945ff83b7,2,2.6666666666666665,79.27536231884058,0.7681159420289855,3.4347826086956523,3.4782608695652173
blocked,63ea4151313771a945ff83b7,3,2.6862745098039214,77.15686274509804,0.803921568627451,3.5098039215686274,3.549019607843137
blocked,63ea4151313771a945ff83b7,4,2.6666666666666665,77.6969696969697,0.8484848484848485,3.5757575757575757,3.5454545454545454
blocked,63ea4151313771a945ff83b7,5,2.6470588235294117,77.88235294117646,1.0,3.6470588235294117,3.6470588235294117
blocked,63ea4a7fa7d709c8e7887a93,1,2.6744186046511627,76.31395348837209,0.6744186046511628,3.453488372093023,3.546511627906977
blocked,63ea4a7fa7d709c8e7887a93,2,2.5692307692307694,81.9076923076923,0.8153846153846154,3.523076923076923,3.5692307692307694
blocked,63ea4a7fa7d709c8e7887a93,3,2.72,80.0,0.94,3.6,3.64
blocked,63ea4a7fa7d709c8e7887a93,4,2.6666666666666665,76.72222222222223,1.0,3.5,3.5
blocked,63ea4a7fa7d709c8e7887a93,5,2.875,77.0625,0.9375,3.5,3.5
blocked,63f99bc092e78e7338131463,1,2.7176470588235295,76.54117647058824,0.6,3.4941176470588236,3.5176470588235293
blocked,63f99bc092e78e7338131463,2,2.626865671641791,77.50746268656717,0.7611940298507462,3.4925373134328357,3.537313432835821
blocked,63f99bc092e78e7338131463,3,2.6862745098039214,77.56862745098039,0.7450980392156863,3.450980392156863,3.4901960784313726
blocked,63f99bc092e78e7338131463,4,2.676470588235294,80.76470588235294,0.7058823529411765,3.5,3.5
blocked,63f99bc092e78e7338131463,5,2.6666666666666665,71.83333333333333,0.6666666666666666,3.5,3.5
free,55d6e23469dbc30010b66dc3,1,3.024390243902439,73.0,0.4878048780487805,3.402439024390244,3.548780487804878
free,55d6e23469dbc30010b66dc3,2,2.942857142857143,81.84285714285714,0.7,3.642857142857143,3.642857142857143
free,55d6e23469dbc30010b66dc3,3,3.019607843137255,78.47058823529412,0.7647058823529411,3.4705882352941178,3.4705882352941178
free,55d6e23469dbc30010b66dc3,4,3.0,78.52941176470588,0.6764705882352942,3.411764705882353,3.3529411764705883
free,55d6e23469dbc30010b66dc3,5,3.0,75.77777777777777,0.8333333333333334,3.5,3.5
free,561021e87ffc8a0005811358,1,2.522727272727273,75.98863636363636,0.5340909090909091,3.397727272727273,3.5795454545454546
free,561021e87ffc8a0005811358,2,2.5652173913043477,80.8840579710145,0.6521739130434783,3.579710144927536,3.5072463768115942
free,561021e87ffc8a0005811358,3,2.5869565217391304,79.6086956521739,0.782608695652174,3.4782608695652173,3.5217391304347827
free,561021e87ffc8a0005811358,4,2.657142857142857,76.48571428571428,0.9142857142857143,3.4285714285714284,3.4571428571428573
free,561021e87ffc8a0005811358,5,2.764705882352941,72.23529411764706,0.8235294117647058,3.6470588235294117,3.6470588235294117
free,568f981a7d961b000c969d2f,1,2.566265060240964,71.66265060240964,0.5301204819277109,3.5542168674698793,3.4578313253012047
free,568f981a7d961b000c969d2f,2,2.573529411764706,76.51470588235294,0.5735294117647058,3.3676470588235294,3.514705882352941
free,568f981a7d961b000c969d2f,3,2.6296296296296298,79.24074074074075,0.8518518518518519,3.4814814814814814,3.5185185185185186
free,568f981a7d961b000c969d2f,4,2.3333333333333335,78.45454545454545,0.7878787878787878,3.6666666666666665,3.696969696969697
free,568f981a7d961b000c969d2f,5,2.473684210526316,87.26315789473684,0.9473684210526315,3.3684210526315788,3.3684210526315788
free,570157c6917228000d8d4b6a,1,2.5402298850574714,77.9080459770115,0.6206896551724138,3.5172413793103448,3.471264367816092
free,570157c6917228000d8d4b6a,2,2.5606060606060606,74.45454545454545,0.6666666666666666,3.4545454545454546,3.484848484848485
free,570157c6917228000d8d4b6a,3,2.6530612244897958,81.55102040816327,0.9387755102040817,3.4693877551020407,3.4693877551020407
free,570157c6917228000d8d4b6a,4,2.5757575757575757,71.06060606060606,0.9696969696969697,3.5757575757575757,3.5454545454545454
free,570157c6917228000d8d4b6a,5,2.5,84.0,0.95,3.5,3.5
free,59d395800118340001369be1,1,2.3855421686746987,74.21686746987952,0.5662650602409639,3.397590361445783,3.63855421686747
free,59d395800118340001369be1,2,2.462686567164179,83.05970149253731,0.6119402985074627,3.626865671641791,3.582089552238806
free,59d395800118340001369be1,3,2.5098039215686274,79.15686274509804,0.7450980392156863,3.588235294117647,3.588235294117647
free,59d395800118340001369be1,4,2.4242424242424243,72.15151515151516,0.8181818181818182,3.8181818181818183,3.787878787878788
free,59d395800118340001369be1,5,2.5,83.85,0.8,3.5,3.5
free,59d6a195f50cfe000125da5f,1,2.7586206896551726,76.24137931034483,0.5517241379310345,3.5057471264367814,3.4597701149425286
free,59d6a195f50cfe000125da5f,2,2.6956521739130435,81.69565217391305,0.7391304347826086,3.5217391304347827,3.5072463768115942
free,59d6a195f50cfe000125da5f,3,2.673469387755102,78.42857142857143,0.7755102040816326,3.5510204081632653,3.510204081632653
free,59d6a195f50cfe000125da5f,4,2.5,77.5,0.9375,3.5625,3.4375
free,59d6a195f50cfe000125da5f,5,2.75,67.75,0.9375,3.5,3.5
free,5a33acd25617d60001f0e8ba,1,2.642857142857143,78.6547619047619,0.5833333333333334,3.5238095238095237,3.5
free,5a33acd25617d60001f0e8ba,2,2.6901408450704225,76.38028169014085,0.8169014084507042,3.492957746478873,3.4788732394366195
free,5a33acd25617d60001f0e8ba,3,2.7254901960784315,77.09803921568627,0.9019607843137255,3.549019607843137,3.5098039215686274
free,5a33acd25617d60001f0e8ba,4,2.625,78.40625,0.96875,3.625,3.625
free,5a33acd25617d60001f0e8ba,5,2.764705882352941,79.23529411764706,0.9411764705882353,3.3529411764705883,3.3529411764705883
free,5a69257731b87a0001c76293,1,2.929411764705882,76.27058823529411,0.6823529411764706,3.5294117647058822,3.5764705882352943
free,5a69257731b87a0001c76293,2,3.028169014084507,75.80281690140845,0.8450704225352113,3.464788732394366,3.507042253521127
free,5a69257731b87a0001c76293,3,2.9361702127659575,66.17021276595744,0.851063829787234,3.4893617021276597,3.4468085106382977
free,5a69257731b87a0001c76293,4,2.9166666666666665,88.44444444444444,0.9166666666666666,3.5,3.5
free,5a69257731b87a0001c76293,5,3.111111111111111,84.0,1.0,3.5,3.5
free,5a97716fdbdb470001eec94f,1,2.9523809523809526,78.58333333333333,0.7023809523809523,3.511904761904762,3.5357142857142856
free,5a97716fdbdb470001eec94f,2,2.985294117647059,77.83823529411765,0.7941176470588235,3.4558823529411766,3.485294117647059
free,5a97716fdbdb470001eec94f,3,2.8518518518518516,76.03703703703704,0.9444444444444444,3.4444444444444446,3.4444444444444446
free,5a97716fdbdb470001eec94f,4,3.0606060606060606,70.9090909090909,0.8484848484848485,3.484848484848485,3.393939393939394
free,5a97716fdbdb470001eec94f,5,2.823529411764706,85.88235294117646,0.9411764705882353,3.6470588235294117,3.6470588235294117
free,5b3fdff9d67d210001d58ac5,1,2.4705882352941178,77.0,0.5529411764705883,3.458823529411765,3.458823529411765
free,5b3fdff9d67d210001d58ac5,2,2.523076923076923,80.26153846153846,0.5692307692307692,3.4615384615384617,3.3846153846153846
free,5b3fdff9d67d210001d58ac5,3,2.4791666666666665,68.85416666666667,0.625,3.4583333333333335,3.5416666666666665
free,5b3fdff9d67d210001d58ac5,4,2.4444444444444446,81.80555555555556,0.75,3.5,3.5
free,5b3fdff9d67d210001d58ac5,5,2.473684210526316,86.6842105263158,0.8421052631578947,3.3684210526315788,3.3684210526315788
free,5b5f23420085cb0001872849,1,2.607142857142857,78.76190476190476,0.5476190476190477,3.4523809523809526,3.5714285714285716
free,5b5f23420085cb0001872849,2,2.6056338028169015,77.46478873239437,0.647887323943662,3.492957746478873,3.4788732394366195
free,5b5f23420085cb0001872849,3,2.62,74.82,0.8,3.52,3.48
free,5b5f23420085cb0001872849,4,2.6176470588235294,74.20588235294117,0.8529411764705882,3.6470588235294117,3.588235294117647
free,5b5f23420085cb0001872849,5,2.75,83.25,0.9375,3.5,3.5
free,5ba8d1bc642146000183c033,1,2.760869565217391,82.84782608695652,0.5,3.467391304347826,3.532608695652174
free,5ba8d1bc642146000183c033,2,2.8970588235294117,75.19117647058823,0.5588235294117647,3.514705882352941,3.485294117647059
free,5ba8d1bc642146000183c033,3,2.7777777777777777,72.77777777777777,0.6222222222222222,3.3333333333333335,3.466666666666667
free,5ba8d1bc642146000183c033,4,2.757575757575758,81.39393939393939,0.48484848484848486,3.303030303030303,3.3333333333333335
free,5ba8d1bc642146000183c033,5,2.75,66.3125,0.5625,3.5,3.5
free,5bdba05d19b9ba000157a348,1,2.7411764705882353,81.17647058823529,0.5647058823529412,3.5294117647058822,3.4823529411764707
free,5bdba05d19b9ba000157a348,2,2.7971014492753623,74.57971014492753,0.7391304347826086,3.4927536231884058,3.4782608695652173
free,5bdba05d19b9ba000157a348,3,2.727272727272727,76.16363636363636,0.8727272727272727,3.4363636363636365,3.4
free,5bdba05d19b9ba000157a348,4,2.727272727272727,77.87878787878788,0.8181818181818182,3.5757575757575757,3.5454545454545454
free,5bdba05d19b9ba000157a348,5,2.875,74.1875,0.9375,3.5,3.5
free,5be2dab1dc5b8d0001ce18a9,1,2.707865168539326,80.40449438202248,0.5955056179775281,3.561797752808989,3.4719101123595504
free,5be2dab1dc5b8d0001ce18a9,2,2.75,83.02941176470588,0.6911764705882353,3.6029411764705883,3.514705882352941
free,5be2dab1dc5b8d0001ce18a9,3,2.7358490566037736,73.67924528301887,0.8679245283018868,3.5283018867924527,3.5283018867924527
free,5be2dab1dc5b8d0001ce18a9,4,2.5483870967741935,63.45161290322581,0.8709677419354839,3.4193548387096775,3.4516129032258065
free,5be2dab1dc5b8d0001ce18a9,5,2.7857142857142856,73.85714285714286,0.9285714285714286,3.857142857142857,3.857142857142857
free,5be4776ad3283000016752e4,1,2.7209302325581395,77.79069767441861,0.627906976744186,3.558139534883721,3.4651162790697674
free,5be4776ad3283000016752e4,2,2.746268656716418,76.35820895522389,0.6865671641791045,3.4925373134328357,3.417910447761194
free,5be4776ad3283000016752e4,3,2.784313725490196,77.54901960784314,0.7450980392156863,3.5686274509803924,3.607843137254902
free,5be4776ad3283000016752e4,4,2.6875,75.78125,0.6875,3.5,3.5
free,5be4776ad3283000016752e4,5,2.8333333333333335,77.55555555555556,0.9444444444444444,3.5,3.5
free,5c351b21d4ae620001d3ee01,1,2.9404761904761907,76.14285714285714,0.5952380952380952,3.4404761904761907,3.5357142857142856
free,5c351b21d4ae620001d3ee01,2,2.8260869565217392,74.17391304347827,0.7391304347826086,3.5072463768115942,3.463768115942029
free,5c351b21d4ae620001d3ee01,3,2.8076923076923075,75.48076923076923,0.75,3.480769230769231,3.519230769230769
free,5c351b21d4ae620001d3ee01,4,2.8857142857142857,77.85714285714286,0.8285714285714286,3.4571428571428573,3.4285714285714284
free,5c351b21d4ae620001d3ee01,5,2.8,93.93333333333334,0.9333333333333333,3.3333333333333335,3.3333333333333335
free,5c41e9263be7b70001fcf4ab,1,1.5,78.01162790697674,0.686046511627907,3.4186046511627906,3.558139534883721
free,5c41e9263be7b70001fcf4ab,2,1.588235294117647,73.88235294117646,0.7205882352941176,3.514705882352941,3.426470588235294
free,5c41e9263be7b70001fcf4ab,3,1.4509803921568627,78.80392156862744,0.8431372549019608,3.5686274509803924,3.4901960784313726
free,5c41e9263be7b70001fcf4ab,4,1.3636363636363635,78.27272727272727,0.8484848484848485,3.4545454545454546,3.4242424242424243
free,5c41e9263be7b70001fcf4ab,5,1.4705882352941178,82.47058823529412,0.9411764705882353,3.3529411764705883,3.3529411764705883
free,5c462f70f5bbb70001b2f902,1,2.872093023255814,78.76744186046511,0.5465116279069767,3.488372093023256,3.558139534883721
free,5c462f70f5bbb70001b2f902,2,2.8970588235294117,76.48529411764706,0.8235294117647058,3.5441176470588234,3.573529411764706
free,5c462f70f5bbb70001b2f902,3,2.88,79.7,0.82,3.5,3.62
free,5c462f70f5bbb70001b2f902,4,2.9393939393939394,76.42424242424242,0.8787878787878788,3.6666666666666665,3.696969696969697
free,5c462f70f5bbb70001b2f902,5,3.0625,77.75,0.8125,3.5,3.5
free,5c5cb335c378220001e5ed9b,1,1.4941176470588236,77.63529411764706,0.6352941176470588,3.552941176470588,3.4823529411764707
free,5c5cb335c378220001e5ed9b,2,1.5294117647058822,76.72058823529412,0.7794117647058824,3.5441176470588234,3.514705882352941
free,5c5cb335c378220001e5ed9b,3,1.4901960784313726,76.49019607843137,0.9215686274509803,3.5294117647058822,3.5294117647058822
free,5c5cb335c378220001e5ed9b,4,1.5,77.79411764705883,0.9705882352941176,3.3823529411764706,3.3823529411764706
free,5c5cb335c378220001e5ed9b,5,1.411764705882353,81.58823529411765,0.9411764705882353,3.3529411764705883,3.3529411764705883
free,5c65bffe5aa5610001dd6338,1,2.7142857142857144,77.13095238095238,0.4523809523809524,3.5476190476190474,3.4761904761904763
free,5c65bffe5aa5610001dd6338,2,2.7058823529411766,79.88235294117646,0.4411764705882353,3.485294117647059,3.514705882352941
free,5c65bffe5aa5610001dd6338,3,2.625,76.83333333333333,0.5625,3.4166666666666665,3.5833333333333335
free,5c65bffe5aa5610001dd6338,4,2.7142857142857144,68.51428571428572,0.5428571428571428,3.6,3.5142857142857142
free,5c65bffe5aa5610001dd6338,5,2.611111111111111,82.66666666666667,0.3888888888888889,3.5,3.5
free,5c994bc42b26210001a28ad6,1,2.7126436781609193,76.34482758620689,0.5287356321839081,3.4827586206896552,3.5057471264367814
free,5c994bc42b26210001a28ad6,2,2.7142857142857144,83.98571428571428,0.6714285714285714,3.5142857142857142,3.4285714285714284
free,5c994bc42b26210001a28ad6,3,2.75,76.22916666666667,0.9166666666666666,3.5,3.5
free,5c994bc42b26210001a28ad6,4,2.774193548387097,74.12903225806451,1.0,3.5161290322580645,3.6129032258064515
free,5c994bc42b26210001a28ad6,5,2.764705882352941,72.05882352941177,0.9411764705882353,3.3529411764705883,3.3529411764705883
free,5cacc30ef7db0100175998e7,1,2.7471264367816093,76.74712643678161,0.5402298850574713,3.528735632183908,3.4597701149425286
free,5cacc30ef7db0100175998e7,2,2.696969696969697,75.21212121212122,0.5757575757575758,3.4696969696969697,3.5303030303030303
free,5cacc30ef7db0100175998e7,3,2.836734693877551,72.81632653061224,0.7959183673469388,3.5714285714285716,3.489795918367347
free,5cacc30ef7db0100175998e7,4,2.7058823529411766,82.41176470588235,0.7941176470588235,3.5294117647058822,3.4705882352941178
free,5cacc30ef7db0100175998e7,5,2.75,78.3,0.55,3.5,3.5
free,5cec33627950d8001bbcc787,1,2.4545454545454546,75.54545454545455,0.5568181818181818,3.477272727272727,3.5
free,5cec33627950d8001bbcc787,2,2.3661971830985915,75.47887323943662,0.6619718309859155,3.436619718309859,3.4225352112676055
free,5cec33627950d8001bbcc787,3,2.42,76.88,0.74,3.6,3.64
free,5cec33627950d8001bbcc787,4,2.515151515151515,81.63636363636364,0.8787878787878788,3.6363636363636362,3.727272727272727
free,5cec33627950d8001bbcc787,5,2.375,81.75,0.875,3.8125,3.8125
free,5d68c8aa40524c00189e8ac2,1,2.735632183908046,74.52873563218391,0.6781609195402298,3.4827586206896552,3.4597701149425286
free,5d68c8aa40524c00189e8ac2,2,2.753846153846154,82.87692307692308,0.9076923076923077,3.4153846153846152,3.4307692307692306
free,5d68c8aa40524c00189e8ac2,3,2.72,74.46,0.9,3.54,3.58
free,5d68c8aa40524c00189e8ac2,4,2.6285714285714286,80.0,1.0,3.657142857142857,3.6857142857142855
free,5d68c8aa40524c00189e8ac2,5,2.7222222222222223,70.16666666666667,1.0,3.5,3.5
free,5dcd750828792003fc23dc39,1,2.783132530120482,74.6144578313253,0.5783132530120482,3.5421686746987953,3.4939759036144578
free,5dcd750828792003fc23dc39,2,2.8333333333333335,79.54545454545455,0.7727272727272727,3.5454545454545454,3.4545454545454546
free,5dcd750828792003fc23dc39,3,2.6862745098039214,82.43137254901961,0.8235294117647058,3.450980392156863,3.4901960784313726
free,5dcd750828792003fc23dc39,4,2.657142857142857,73.51428571428572,0.9714285714285714,3.5714285714285716,3.5428571428571427
free,5dcd750828792003fc23dc39,5,2.6470588235294117,80.47058823529412,0.9411764705882353,3.6470588235294117,3.6470588235294117
free,5df2148f55742510c539232e,1,2.426829268292683,80.78048780487805,0.524390243902439,3.426829268292683,3.524390243902439
free,5df2148f55742510c539232e,2,2.4722222222222223,75.13888888888889,0.5416666666666666,3.513888888888889,3.486111111111111
free,5df2148f55742510c539232e,3,2.36734693877551,73.77551020408163,0.673469387755102,3.510204081632653,3.4285714285714284
free,5df2148f55742510c539232e,4,2.375,79.59375,0.71875,3.5625,3.4375
free,5df2148f55742510c539232e,5,2.3529411764705883,83.88235294117646,0.8235294117647058,3.6470588235294117,3.6470588235294117
free,5e25f47427b78983dc68a86a,1,2.7804878048780486,76.36585365853658,0.6097560975609756,3.3658536585365852,3.5853658536585367
free,5e25f47427b78983dc68a86a,2,2.7285714285714286,79.15714285714286,0.8714285714285714,3.5285714285714285,3.4714285714285715
free,5e25f47427b78983dc68a86a,3,2.69811320754717,71.64150943396227,0.8867924528301887,3.547169811320755,3.509433962264151
free,5e25f47427b78983dc68a86a,4,2.6470588235294117,84.41176470588235,0.9117647058823529,3.3529411764705883,3.411764705882353
free,5e25f47427b78983dc68a86a,5,2.764705882352941,89.88235294117646,1.0,3.3529411764705883,3.3529411764705883
free,5e3a0494852c30225cf95713,1,2.4216867469879517,78.90361445783132,0.5180722891566265,3.5060240963855422,3.433734939759036
free,5e3a0494852c30225cf95713,2,2.452054794520548,78.47945205479452,0.547945205479452,3.5753424657534247,3.452054794520548
free,5e3a0494852c30225cf95713,3,2.3877551020408165,78.87755102040816,0.7142857142857143,3.673469387755102,3.63265306122449
free,5e3a0494852c30225cf95713,4,2.484848484848485,72.87878787878788,0.696969696969697,3.6666666666666665,3.696969696969697
free,5e3a0494852c30225cf95713,5,2.4375,75.3125,0.75,3.1875,3.1875
free,5e53e8d0a0002e3ee42be086,1,2.5595238095238093,78.83333333333333,0.6547619047619048,3.369047619047619,3.5833333333333335
free,5e53e8d0a0002e3ee42be086,2,2.619718309859155,76.90140845070422,0.7464788732394366,3.507042253521127,3.5211267605633805
free,5e53e8d0a0002e3ee42be086,3,2.6470588235294117,81.50980392156863,0.7843137254901961,3.4313725490196076,3.392156862745098
free,5e53e8d0a0002e3ee42be086,4,2.7142857142857144,69.22857142857143,0.7714285714285715,3.5428571428571427,3.5714285714285716
free,5e53e8d0a0002e3ee42be086,5,2.4,73.2,0.9333333333333333,3.3333333333333335,3.3333333333333335
free,5e54c7fc2394ea4c99f88987,1,2.5294117647058822,77.2,0.6235294117647059,3.388235294117647,3.5058823529411764
free,5e54c7fc2394ea4c99f88987,2,2.5223880597014925,69.2089552238806,0.7313432835820896,3.537313432835821,3.4328358208955225
free,5e54c7fc2394ea4c99f88987,3,2.5185185185185186,78.03703703703704,0.8148148148148148,3.5555555555555554,3.4444444444444446
free,5e54c7fc2394ea4c99f88987,4,2.5555555555555554,80.08333333333333,0.7777777777777778,3.3333333333333335,3.4444444444444446
free,5e54c7fc2394ea4c99f88987,5,2.5,98.5625,0.625,3.1875,3.1875
free,5ea6f9f2064600098ec3de7d,1,2.5180722891566263,75.92771084337349,0.5783132530120482,3.5301204819277108,3.433734939759036
free,5ea6f9f2064600098ec3de7d,2,2.4057971014492754,81.76811594202898,0.6956521739130435,3.5072463768115942,3.463768115942029
free,5ea6f9f2064600098ec3de7d,3,2.482142857142857,74.78571428571429,0.5714285714285714,3.4642857142857144,3.5357142857142856
free,5ea6f9f2064600098ec3de7d,4,2.4705882352941178,76.8529411764706,0.5588235294117647,3.588235294117647,3.6470588235294117
free,5ea6f9f2064600098ec3de7d,5,2.7333333333333334,66.2,0.5333333333333333,3.3333333333333335,3.3333333333333335
free,5eb160022ba1fe23beaecfb0,1,3.1547619047619047,80.5952380952381,0.6666666666666666,3.380952380952381,3.6666666666666665
free,5eb160022ba1fe23beaecfb0,2,3.0588235294117645,72.95588235294117,0.8235294117647058,3.4411764705882355,3.5
free,5eb160022ba1fe23beaecfb0,3,3.08,75.76,0.9,3.52,3.6
free,5eb160022ba1fe23beaecfb0,4,3.2285714285714286,78.82857142857142,0.8857142857142857,3.6857142857142855,3.657142857142857
free,5eb160022ba1fe23beaecfb0,5,3.0526315789473686,81.05263157894737,1.0,3.6315789473684212,3.6315789473684212
free,5ec2a79581fa8a09897fae88,1,2.7126436781609193,79.97701149425288,0.5517241379310345,3.528735632183908,3.4827586206896552
free,5ec2a79581fa8a09897fae88,2,2.671641791044776,76.56716417910448,0.6417910447761194,3.462686567164179,3.4477611940298507
free,5ec2a79581fa8a09897fae88,3,2.66,79.28,0.76,3.54,3.58
free,5ec2a79581fa8a09897fae88,4,2.606060606060606,72.0909090909091,0.7878787878787878,3.303030303030303,3.3333333333333335
free,5ec2a79581fa8a09897fae88,5,2.588235294117647,70.58823529411765,0.8235294117647058,3.3529411764705883,3.3529411764705883
free,5ec6dc260f6f6211b434e57c,1,2.5280898876404496,79.29213483146067,0.5280898876404494,3.5168539325842696,3.5168539325842696
free,5ec6dc260f6f6211b434e57c,2,2.523076923076923,77.55384615384615,0.6923076923076923,3.476923076923077,3.5538461538461537
free,5ec6dc260f6f6211b434e57c,3,2.5686274509803924,79.72549019607843,0.7843137254901961,3.5098039215686274,3.4313725490196076
free,5ec6dc260f6f6211b434e57c,4,2.59375,64.78125,0.75,3.34375,3.40625
free,5ec6dc260f6f6211b434e57c,5,2.473684210526316,85.78947368421052,0.7368421052631579,3.6315789473684212,3.6315789473684212
free,5eda5ad7cee6c16590433514,1,1.7142857142857142,76.13095238095238,0.6071428571428571,3.4047619047619047,3.5714285714285716
free,5eda5ad7cee6c16590433514,2,1.7428571428571429,77.47142857142858,0.7428571428571429,3.4714285714285715,3.585714285714286
free,5eda5ad7cee6c16590433514,3,1.68,76.34,0.74,3.58,3.54
free,5eda5ad7cee6c16590433514,4,1.7647058823529411,78.41176470588235,0.8529411764705882,3.6176470588235294,3.6176470588235294
free,5eda5ad7cee6c16590433514,5,1.7647058823529411,82.82352941176471,0.8235294117647058,3.0588235294117645,3.0588235294117645
free,5eea37b60e95520ef6907500,1,2.865168539325843,77.24719101123596,0.48314606741573035,3.49438202247191,3.561797752808989
free,5eea37b60e95520ef6907500,2,2.8714285714285714,77.28571428571429,0.5285714285714286,3.5,3.557142857142857
free,5eea37b60e95520ef6907500,3,2.877551020408163,75.75510204081633,0.5102040816326531,3.4693877551020407,3.4693877551020407
free,5eea37b60e95520ef6907500,4,2.857142857142857,75.02857142857142,0.5428571428571428,3.4,3.4857142857142858
free,5eea37b60e95520ef6907500,5,3.076923076923077,80.0,0.6153846153846154,3.6923076923076925,3.6923076923076925
free,5eec9ed2f32dc20379a7934f,1,2.797752808988764,78.86516853932584,0.6404494382022472,3.550561797752809,3.438202247191011
free,5eec9ed2f32dc20379a7934f,2,2.8955223880597014,72.50746268656717,0.7611940298507462,3.4776119402985075,3.4328358208955225
free,5eec9ed2f32dc20379a7934f,3,2.830188679245283,82.90566037735849,0.8679245283018868,3.339622641509434,3.3773584905660377
free,5eec9ed2f32dc20379a7934f,4,2.75,67.4375,0.90625,3.71875,3.78125
free,5eec9ed2f32dc20379a7934f,5,2.857142857142857,87.14285714285714,0.8571428571428571,3.5,3.5
free,5f12e6ebfe50020009674aa7,1,2.4235294117647057,77.37647058823529,0.5764705882352941,3.4352941176470586,3.5294117647058822
free,5f12e6ebfe50020009674aa7,2,2.3823529411764706,81.97058823529412,0.7058823529411765,3.514705882352941,3.426470588235294
free,5f12e6ebfe50020009674aa7,3,2.3653846153846154,74.96153846153847,0.9038461538461539,3.519230769230769,3.480769230769231
free,5f12e6ebfe50020009674aa7,4,2.5454545454545454,74.51515151515152,0.8484848484848485,3.303030303030303,3.3333333333333335
free,5f12e6ebfe50020009674aa7,5,2.5625,73.6875,0.875,3.5,3.5
free,5f12f3b9b6d334012fba9ca4,1,2.586206896551724,80.2183908045977,0.5862068965517241,3.528735632183908,3.4597701149425286
free,5f12f3b9b6d334012fba9ca4,2,2.5522388059701493,75.40298507462687,0.5074626865671642,3.462686567164179,3.4477611940298507
free,5f12f3b9b6d334012fba9ca4,3,2.607843137254902,72.62745098039215,0.6470588235294118,3.5098039215686274,3.4313725490196076
free,5f12f3b9b6d334012fba9ca4,4,2.515151515151515,77.27272727272727,0.6363636363636364,3.5454545454545454,3.5757575757575757
free,5f12f3b9b6d334012fba9ca4,5,2.764705882352941,91.82352941176471,0.47058823529411764,3.6470588235294117,3.6470588235294117
free,5f2ef53d7729c52ae63230a2,1,2.458823529411765,74.43529411764706,0.5882352941176471,3.588235294117647,3.4
free,5f2ef53d7729c52ae63230a2,2,2.343283582089552,77.97014925373135,0.5074626865671642,3.5522388059701493,3.4776119402985075
free,5f2ef53d7729c52ae63230a2,3,2.3617021276595747,75.36170212765957,0.48936170212765956,3.617021276595745,3.702127659574468
free,5f2ef53d7729c52ae63230a2,4,2.3333333333333335,88.52777777777777,0.5555555555555556,3.5277777777777777,3.4722222222222223
free,5f2ef53d7729c52ae63230a2,5,2.473684210526316,79.89473684210526,0.6842105263157895,3.3684210526315788,3.3684210526315788
free,5f4cc45ee974b18dbf4a503d,1,2.761904761904762,76.94047619047619,0.6666666666666666,3.4166666666666665,3.5357142857142856
free,5f4cc45ee974b18dbf4a503d,2,2.8115942028985508,75.1304347826087,0.7971014492753623,3.5072463768115942,3.5217391304347827
free,5f4cc45ee974b18dbf4a503d,3,2.6862745098039214,73.94117647058823,0.9019607843137255,3.372549019607843,3.450980392156863
free,5f4cc45ee974b18dbf4a503d,4,2.735294117647059,78.73529411764706,0.9705882352941176,3.823529411764706,3.8823529411764706
free,5f4cc45ee974b18dbf4a503d,5,2.736842105263158,88.63157894736842,0.9473684210526315,3.6315789473684212,3.6315789473684212
free,5f5d67dffbf1065cd033b172,1,2.625,80.8875,0.5,3.475,3.6
free,5f5d67dffbf1065cd033b172,2,2.6285714285714286,67.05714285714286,0.5714285714285714,3.5,3.5
free,5f5d67dffbf1065cd033b172,3,2.6545454545454548,85.10909090909091,0.5454545454545454,3.4909090909090907,3.4545454545454546
free,5f5d67dffbf1065cd033b172,4,2.696969696969697,78.24242424242425,0.7575757575757576,3.4242424242424243,3.4545454545454546
free,5f5d67dffbf1065cd033b172,5,2.764705882352941,75.6470588235294,0.7647058823529411,3.6470588235294117,3.6470588235294117
free,5f6388c21b14c5079764e750,1,2.8372093023255816,78.20930232558139,0.6395348837209303,3.5232558139534884,3.453488372093023
free,5f6388c21b14c5079764e750,2,2.8656716417910446,74.61194029850746,0.7761194029850746,3.5970149253731343,3.4925373134328357
free,5f6388c21b14c5079764e750,3,2.784313725490196,72.76470588235294,0.8823529411764706,3.549019607843137,3.5098039215686274
free,5f6388c21b14c5079764e750,4,2.861111111111111,78.97222222222223,0.9444444444444444,3.638888888888889,3.5833333333333335
free,5f6388c21b14c5079764e750,5,3.2,97.13333333333334,0.9333333333333333,3.6666666666666665,3.6666666666666665
free,5f8586b33e4d65036ae018f9,1,2.7529411764705882,77.32941176470588,0.6235294117647059,3.5764705882352943,3.4352941176470586
free,5f8586b33e4d65036ae018f9,2,2.7285714285714286,77.37142857142857,0.7571428571428571,3.4285714285714284,3.4571428571428573
free,5f8586b33e4d65036ae018f9,3,2.68,77.5,0.88,3.44,3.44
free,5f8586b33e4d65036ae018f9,4,2.6666666666666665,83.15151515151516,0.9393939393939394,3.4242424242424243,3.4545454545454546
free,5f8586b33e4d65036ae018f9,5,2.588235294117647,65.58823529411765,0.8235294117647058,3.6470588235294117,3.6470588235294117
free,5fa154fd4cbe97227182aff7,1,2.6704545454545454,78.5340909090909,0.6363636363636364,3.397727272727273,3.5795454545454546
free,5fa154fd4cbe97227182aff7,2,2.591549295774648,75.73239436619718,0.8309859154929577,3.507042253521127,3.464788732394366
free,5fa154fd4cbe97227182aff7,3,2.5106382978723403,77.93617021276596,0.9361702127659575,3.5319148936170213,3.5319148936170213
free,5fa154fd4cbe97227182aff7,4,2.6666666666666665,86.60606060606061,1.0,3.696969696969697,3.6666666666666665
free,5fa154fd4cbe97227182aff7,5,2.7333333333333334,62.8,0.9333333333333333,3.3333333333333335,3.3333333333333335
free,5fa9a1924401ba1be7e2dffc,1,2.7126436781609193,76.29885057471265,0.4827586206896552,3.4482758620689653,3.5402298850574714
free,5fa9a1924401ba1be7e2dffc,2,2.63768115942029,73.5072463768116,0.5797101449275363,3.536231884057971,3.550724637681159
free,5fa9a1924401ba1be7e2dffc,3,2.6666666666666665,81.76470588235294,0.6666666666666666,3.5294117647058822,3.5294117647058822
free,5fa9a1924401ba1be7e2dffc,4,2.6774193548387095,77.19354838709677,0.6774193548387096,3.6774193548387095,3.7096774193548385
free,5fa9a1924401ba1be7e2dffc,5,2.823529411764706,88.3529411764706,0.5294117647058824,3.6470588235294117,3.6470588235294117
free,5fb6bb7c19e6d00f86af4633,1,2.5609756097560976,73.6829268292683,0.6097560975609756,3.5609756097560976,3.4878048780487805
free,5fb6bb7c19e6d00f86af4633,2,2.514705882352941,77.11764705882354,0.6764705882352942,3.5441176470588234,3.4558823529411766
free,5fb6bb7c19e6d00f86af4633,3,2.54,80.06,0.76,3.44,3.44
free,5fb6bb7c19e6d00f86af4633,4,2.611111111111111,79.11111111111111,0.8888888888888888,3.5,3.5
free,5fb6bb7c19e6d00f86af4633,5,2.5789473684210527,81.73684210526316,0.7894736842105263,3.6315789473684212,3.6315789473684212
free,5fe3b63f4b3bdc08088f6ae0,1,2.6666666666666665,76.16091954022988,0.632183908045977,3.471264367816092,3.5172413793103448
free,5fe3b63f4b3bdc08088f6ae0,2,2.716417910447761,72.80597014925372,0.7910447761194029,3.5223880597014925,3.5074626865671643
free,5fe3b63f4b3bdc08088f6ae0,3,2.7254901960784315,76.80392156862744,0.9607843137254902,3.5294117647058822,3.411764705882353
free,5fe3b63f4b3bdc08088f6ae0,4,2.6944444444444446,80.30555555555556,0.9444444444444444,3.388888888888889,3.388888888888889
free,5fe3b63f4b3bdc08088f6ae0,5,2.642857142857143,86.14285714285714,0.9285714285714286,3.5,3.5
free,5fef191aadaa09219fe00e6a,1,2.453488372093023,71.93023255813954,0.6046511627906976,3.4651162790697674,3.511627906976744
free,5fef191aadaa09219fe00e6a,2,2.4714285714285715,80.81428571428572,0.8,3.442857142857143,3.442857142857143
free,5fef191aadaa09219fe00e6a,3,2.4615384615384617,76.40384615384616,0.8076923076923077,3.480769230769231,3.4038461538461537
free,5fef191aadaa09219fe00e6a,4,2.388888888888889,83.41666666666667,0.8333333333333334,3.5277777777777777,3.4722222222222223
free,5fef191aadaa09219fe00e6a,5,2.5714285714285716,78.14285714285714,0.8571428571428571,3.142857142857143,3.142857142857143
free,6017df63bb02083698436ead,1,2.6144578313253013,76.4578313253012,0.6385542168674698,3.4216867469879517,3.6144578313253013
free,6017df63bb02083698436ead,2,2.712121212121212,77.77272727272727,0.696969696969697,3.5303030303030303,3.409090909090909
free,6017df63bb02083698436ead,3,2.6153846153846154,82.01923076923077,0.9038461538461539,3.576923076923077,3.423076923076923
free,6017df63bb02083698436ead,4,2.5428571428571427,75.08571428571429,0.9714285714285714,3.6285714285714286,3.7142857142857144
free,6017df63bb02083698436ead,5,2.6666666666666665,77.72222222222223,1.0,3.5,3.5
free,6018534e0c293609da7a8f8e,1,2.619047619047619,78.76190476190476,0.4642857142857143,3.4285714285714284,3.5714285714285716
free,6018534e0c293609da7a8f8e,2,2.5970149253731343,72.95522388059702,0.582089552238806,3.4477611940298507,3.462686567164179
free,6018534e0c293609da7a8f8e,3,2.6470588235294117,73.86274509803921,0.7058823529411765,3.4901960784313726,3.5686274509803924
free,6018534e0c293609da7a8f8e,4,2.735294117647059,84.02941176470588,0.7352941176470589,3.5,3.5
free,6018534e0c293609da7a8f8e,5,2.588235294117647,82.41176470588235,0.9411764705882353,3.3529411764705883,3.3529411764705883
free,603415af8ffaaa1ada99d014,1,2.7142857142857144,76.5952380952381,0.7023809523809523,3.5476190476190474,3.4523809523809526
free,603415af8ffaaa1ada99d014,2,2.7205882352941178,76.17647058823529,0.9264705882352942,3.5294117647058822,3.4705882352941178
free,603415af8ffaaa1ada99d014,3,2.627450980392157,80.0,0.9803921568627451,3.5294117647058822,3.5294117647058822
free,603415af8ffaaa1ada99d014,4,2.6176470588235294,82.3529411764706,1.0,3.4705882352941178,3.5294117647058822
free,603415af8ffaaa1ada99d014,5,2.6666666666666665,75.77777777777777,1.0,3.5,3.5
free,603fad5084b4750912f77008,1,2.9411764705882355,77.51764705882353,0.6470588235294118,3.4823529411764707,3.458823529411765
free,603fad5084b4750912f77008,2,2.8115942028985508,77.1304347826087,0.8115942028985508,3.63768115942029,3.449275362318841
free,603fad5084b4750912f77008,3,2.88,70.24,0.82,3.5,3.5
free,603fad5084b4750912f77008,4,2.75,87.11111111111111,0.7777777777777778,3.5,3.5
free,603fad5084b4750912f77008,5,2.8666666666666667,76.53333333333333,0.8666666666666667,4.0,4.0
free,604bd226587ce0cb9d88c8f6,1,2.728395061728395,70.62962962962963,0.5185185185185185,3.506172839506173,3.506172839506173
free,604bd226587ce0cb9d88c8f6,2,2.6875,82.921875,0.546875,3.484375,3.453125
free,604bd226587ce0cb9d88c8f6,3,2.5294117647058822,85.01960784313725,0.37254901960784315,3.4901960784313726,3.450980392156863
free,604bd226587ce0cb9d88c8f6,4,2.6176470588235294,78.29411764705883,0.5,3.5,3.5
free,604bd226587ce0cb9d88c8f6,5,2.5625,83.875,0.625,3.1875,3.1875
free,605467d5a3ae5fb3ec1970ad,1,2.4186046511627906,79.68604651162791,0.5581395348837209,3.5,3.546511627906977
free,605467d5a3ae5fb3ec1970ad,2,2.414285714285714,80.95714285714286,0.6,3.5142857142857142,3.6
free,605467d5a3ae5fb3ec1970ad,3,2.3653846153846154,74.5576923076923,0.6538461538461539,3.5576923076923075,3.4423076923076925
free,605467d5a3ae5fb3ec1970ad,4,2.5,69.4375,0.71875,3.34375,3.40625
free,605467d5a3ae5fb3ec1970ad,5,2.3529411764705883,70.41176470588235,0.7058823529411765,3.3529411764705883,3.3529411764705883
free,6060b63e4ccfcf7b44479d8b,1,2.617283950617284,73.29629629629629,0.7037037037037037,3.54320987654321,3.4444444444444446
free,6060b63e4ccfcf7b44479d8b,2,2.652173913043478,78.26086956521739,0.7681159420289855,3.449275362318841,3.579710144927536
free,6060b63e4ccfcf7b44479d8b,3,2.6153846153846154,86.1923076923077,0.8653846153846154,3.576923076923077,3.5384615384615383
free,6060b63e4ccfcf7b44479d8b,4,2.588235294117647,76.76470588235294,0.8235294117647058,3.5,3.5
free,6060b63e4ccfcf7b44479d8b,5,2.5625,67.0625,0.8125,3.5,3.5
free,606f277cdd257dea5536d322,1,2.5476190476190474,73.47619047619048,0.6666666666666666,3.4404761904761907,3.607142857142857
free,606f277cdd257dea5536d322,2,2.634920634920635,81.06349206349206,0.7777777777777778,3.5396825396825395,3.4285714285714284
free,606f277cdd257dea5536d322,3,2.5283018867924527,74.90566037735849,0.8679245283018868,3.5283018867924527,3.5283018867924527
free,606f277cdd257dea5536d322,4,2.4411764705882355,83.38235294117646,0.8235294117647058,3.6176470588235294,3.6176470588235294
free,606f277cdd257dea5536d322,5,2.5555555555555554,83.05555555555556,1.0,3.5,3.5
free,607ee7232fb723e021ea8bd5,1,2.7023809523809526,78.51190476190476,0.5238095238095238,3.511904761904762,3.488095238095238
free,607ee7232fb723e021ea8bd5,2,2.7183098591549295,77.1830985915493,0.5352112676056338,3.5211267605633805,3.563380281690141
free,607ee7232fb723e021ea8bd5,3,2.693877551020408,71.40816326530613,0.6326530612244898,3.510204081632653,3.5510204081632653
free,607ee7232fb723e021ea8bd5,4,2.7222222222222223,82.27777777777777,0.6111111111111112,3.4722222222222223,3.5277777777777777
free,607ee7232fb723e021ea8bd5,5,2.7777777777777777,78.0,0.3888888888888889,3.5,3.5
free,60815de360f218f8b6164656,1,2.7228915662650603,80.21686746987952,0.6506024096385542,3.5301204819277108,3.4819277108433737
free,60815de360f218f8b6164656,2,2.7246376811594204,80.91304347826087,0.782608695652174,3.536231884057971,3.4927536231884058
free,60815de360f218f8b6164656,3,2.7115384615384617,78.78846153846153,0.7884615384615384,3.5576923076923075,3.4423076923076925
free,60815de360f218f8b6164656,4,2.75,71.40625,0.90625,3.21875,3.28125
free,60815de360f218f8b6164656,5,2.764705882352941,60.76470588235294,0.8823529411764706,3.3529411764705883,3.3529411764705883
free,6089ccf43f43e48ba34f3d61,1,2.9310344827586206,76.04597701149426,0.5402298850574713,3.5057471264367814,3.4597701149425286
free,6089ccf43f43e48ba34f3d61,2,2.926470588235294,78.55882352941177,0.5441176470588235,3.514705882352941,3.5441176470588234
free,6089ccf43f43e48ba34f3d61,3,2.9791666666666665,70.70833333333333,0.6458333333333334,3.4791666666666665,3.5208333333333335
free,6089ccf43f43e48ba34f3d61,4,2.9411764705882355,86.23529411764706,0.6176470588235294,3.411764705882353,3.3529411764705883
free,6089ccf43f43e48ba34f3d61,5,2.888888888888889,81.44444444444444,0.7222222222222222,3.5,3.5
free,60a11f90c50ca219e6f70bce,1,2.8850574712643677,77.85057471264368,0.5517241379310345,3.4597701149425286,3.5057471264367814
free,60a11f90c50ca219e6f70bce,2,2.8181818181818183,76.37878787878788,0.5303030303030303,3.4545454545454546,3.5454545454545454
free,60a11f90c50ca219e6f70bce,3,2.8846153846153846,78.61538461538461,0.7307692307692307,3.673076923076923,3.5576923076923075
free,60a11f90c50ca219e6f70bce,4,2.764705882352941,78.47058823529412,0.6764705882352942,3.6176470588235294,3.6176470588235294
free,60a11f90c50ca219e6f70bce,5,2.9411764705882355,71.11764705882354,0.8823529411764706,3.3529411764705883,3.3529411764705883
free,60a165177c992cb8b48a332f,1,2.7023809523809526,80.97619047619048,0.5476190476190477,3.4642857142857144,3.5357142857142856
free,60a165177c992cb8b48a332f,2,2.6515151515151514,76.66666666666667,0.5303030303030303,3.4696969696969697,3.5303030303030303
free,60a165177c992cb8b48a332f,3,2.6470588235294117,71.19607843137256,0.5686274509803921,3.450980392156863,3.372549019607843
free,60a165177c992cb8b48a332f,4,2.657142857142857,79.74285714285715,0.6571428571428571,3.4,3.4857142857142858
free,60a165177c992cb8b48a332f,5,2.588235294117647,81.11764705882354,0.7058823529411765,3.3529411764705883,3.3529411764705883
free,60a2df32808ac76c056b37b9,1,2.6470588235294117,74.6,0.4117647058823529,3.447058823529412,3.4941176470588236
free,60a2df32808ac76c056b37b9,2,2.621212121212121,81.34848484848484,0.4393939393939394,3.515151515151515,3.5454545454545454
free,60a2df32808ac76c056b37b9,3,2.6470588235294117,78.37254901960785,0.43137254901960786,3.4901960784313726,3.450980392156863
free,60a2df32808ac76c056b37b9,4,2.606060606060606,77.24242424242425,0.42424242424242425,3.4242424242424243,3.4545454545454546
free,60a2df32808ac76c056b37b9,5,2.6470588235294117,78.47058823529412,0.47058823529411764,3.6470588235294117,3.6470588235294117
free,60aad516e34718d318bfb44d,1,2.7974683544303796,72.78481012658227,0.569620253164557,3.4683544303797467,3.569620253164557
free,60aad516e34718d318bfb44d,2,2.7246376811594204,83.27536231884058,0.7391304347826086,3.4927536231884058,3.420289855072464
free,60aad516e34718d318bfb44d,3,2.7115384615384617,76.51923076923077,0.8653846153846154,3.5384615384615383,3.6923076923076925
free,60aad516e34718d318bfb44d,4,2.8857142857142857,75.02857142857142,0.9142857142857143,3.5142857142857142,3.6
free,60aad516e34718d318bfb44d,5,2.7777777777777777,88.11111111111111,1.0,3.7777777777777777,3.7777777777777777
free,60ac08be37cd5e98ab2d0037,1,2.7142857142857144,78.79761904761905,0.5476190476190477,3.5476190476190474,3.4523809523809526
free,60ac08be37cd5e98ab2d0037,2,2.6865671641791047,79.08955223880596,0.582089552238806,3.4776119402985075,3.4925373134328357
free,60ac08be37cd5e98ab2d0037,3,2.8461538461538463,76.21153846153847,0.6923076923076923,3.5576923076923075,3.5576923076923075
free,60ac08be37cd5e98ab2d0037,4,2.7941176470588234,73.97058823529412,0.7647058823529411,3.6176470588235294,3.6176470588235294
free,60ac08be37cd5e98ab2d0037,5,2.7058823529411766,79.52941176470588,0.7647058823529411,3.3529411764705883,3.3529411764705883
free,60adebdc89324b1cb4822215,1,2.6744186046511627,75.88372093023256,0.5930232558139535,3.453488372093023,3.5930232558139537
free,60adebdc89324b1cb4822215,2,2.828125,81.5625,0.640625,3.375,3.5
free,60adebdc89324b1cb4822215,3,2.6538461538461537,77.4423076923077,0.6730769230769231,3.5384615384615383,3.576923076923077
free,60adebdc89324b1cb4822215,4,2.6944444444444446,77.66666666666667,0.6944444444444444,3.5833333333333335,3.638888888888889
free,60adebdc89324b1cb4822215,5,2.466666666666667,77.26666666666667,0.8666666666666667,3.6666666666666665,3.6666666666666665
free,60b2827157e043215e6f997e,1,2.561797752808989,77.71910112359551,0.4943820224719101,3.49438202247191,3.49438202247191
free,60b2827157e043215e6f997e,2,2.5692307692307694,74.67692307692307,0.5846153846153846,3.4307692307692306,3.5384615384615383
free,60b2827157e043215e6f997e,3,2.6923076923076925,82.59615384615384,0.5384615384615384,3.5,3.5
free,60b2827157e043215e6f997e,4,2.6774193548387095,76.09677419354838,0.6129032258064516,3.2903225806451615,3.3225806451612905
free,60b2827157e043215e6f997e,5,2.6470588235294117,72.47058823529412,0.4117647058823529,3.3529411764705883,3.3529411764705883
free,60b346569670ffa9c825751d,1,2.1294117647058823,75.72941176470589,0.5411764705882353,3.5294117647058822,3.4823529411764707
free,60b346569670ffa9c825751d,2,2.176470588235294,83.07352941176471,0.5735294117647058,3.5441176470588234,3.3970588235294117
free,60b346569670ffa9c825751d,3,2.1346153846153846,75.48076923076923,0.5384615384615384,3.5961538461538463,3.519230769230769
free,60b346569670ffa9c825751d,4,2.142857142857143,75.6,0.7428571428571429,3.4571428571428573,3.4285714285714284
free,60b346569670ffa9c825751d,5,2.2777777777777777,68.16666666666667,0.9444444444444444,3.5,3.5
free,60be8efc2d564bcd4c8896b4,1,2.651685393258427,72.75280898876404,0.6179775280898876,3.49438202247191,3.5168539325842696
free,60be8efc2d564bcd4c8896b4,2,2.5303030303030303,78.27272727272727,0.7727272727272727,3.484848484848485,3.4545454545454546
free,60be8efc2d564bcd4c8896b4,3,2.7254901960784315,82.01960784313725,0.7254901960784313,3.372549019607843,3.450980392156863
free,60be8efc2d564bcd4c8896b4,4,2.6470588235294117,81.79411764705883,0.8529411764705882,3.3823529411764706,3.3823529411764706
free,60be8efc2d564bcd4c8896b4,5,2.75,81.4375,0.8125,3.5,3.5
free,60bf088e3b1f2de4d3895eee,1,2.6436781609195403,76.183908045977,0.6436781609195402,3.425287356321839,3.5402298850574714
free,60bf088e3b1f2de4d3895eee,2,2.7260273972602738,79.57534246575342,0.5753424657534246,3.4246575342465753,3.493150684931507
free,60bf088e3b1f2de4d3895eee,3,2.6595744680851063,78.42553191489361,0.7872340425531915,3.595744680851064,3.595744680851064
free,60bf088e3b1f2de4d3895eee,4,2.5757575757575757,71.18181818181819,0.6060606060606061,3.696969696969697,3.6666666666666665
free,60bf088e3b1f2de4d3895eee,5,2.8125,79.0625,0.8125,3.8125,3.8125
free,60c75eb8c7c62c1cabd3f275,1,2.6547619047619047,77.14285714285714,0.47619047619047616,3.4047619047619047,3.5952380952380953
free,60c75eb8c7c62c1cabd3f275,2,2.6911764705882355,72.30882352941177,0.5882352941176471,3.485294117647059,3.573529411764706
free,60c75eb8c7c62c1cabd3f275,3,2.607843137254902,80.15686274509804,0.6274509803921569,3.4901960784313726,3.450980392156863
free,60c75eb8c7c62c1cabd3f275,4,2.6176470588235294,85.79411764705883,0.6764705882352942,3.4705882352941178,3.5294117647058822
free,60c75eb8c7c62c1cabd3f275,5,2.6666666666666665,72.77777777777777,0.5555555555555556,3.5,3.5
free,60d0de75282711f66dce1d3c,1,2.75,78.92045454545455,0.6022727272727273,3.465909090909091,3.5568181818181817
free,60d0de75282711f66dce1d3c,2,2.6666666666666665,78.04545454545455,0.6666666666666666,3.393939393939394,3.606060606060606
free,60d0de75282711f66dce1d3c,3,2.68,75.2,0.68,3.44,3.56
free,60d0de75282711f66dce1d3c,4,2.6666666666666665,70.86111111111111,0.75,3.5,3.5
free,60d0de75282711f66dce1d3c,5,2.5625,78.625,0.625,3.1875,3.1875
free,60dc72e0ecbf8af03b214ced,1,2.686046511627907,75.84883720930233,0.5,3.395348837209302,3.5813953488372094
free,60dc72e0ecbf8af03b214ced,2,2.5625,74.375,0.625,3.5,3.4375
free,60dc72e0ecbf8af03b214ced,3,2.6226415094339623,78.9622641509434,0.660377358490566,3.358490566037736,3.4716981132075473
free,60dc72e0ecbf8af03b214ced,4,2.7941176470588234,75.91176470588235,0.5588235294117647,3.6470588235294117,3.588235294117647
free,60dc72e0ecbf8af03b214ced,5,2.5294117647058822,81.29411764705883,0.6470588235294118,3.3529411764705883,3.3529411764705883
free,60dc9d77f88945d66d46966c,1,2.6666666666666665,73.77777777777777,0.6790123456790124,3.493827160493827,3.4444444444444446
free,60dc9d77f88945d66d46966c,2,2.7222222222222223,78.27777777777777,0.8333333333333334,3.5416666666666665,3.513888888888889
free,60dc9d77f88945d66d46966c,3,2.7058823529411766,75.6078431372549,0.9019607843137255,3.5098039215686274,3.4313725490196076
free,60dc9d77f88945d66d46966c,4,2.6875,84.71875,0.9375,3.71875,3.53125
free,60dc9d77f88945d66d46966c,5,2.5294117647058822,77.94117647058823,0.8823529411764706,3.3529411764705883,3.3529411764705883
free,60dcda8692f09f402fad8566,1,2.9886363636363638,80.25,0.5795454545454546,3.4886363636363638,3.465909090909091
free,60dcda8692f09f402fad8566,2,3.0441176470588234,77.25,0.6764705882352942,3.5441176470588234,3.573529411764706
free,60dcda8692f09f402fad8566,3,2.9411764705882355,73.3529411764706,0.803921568627451,3.4901960784313726,3.5686274509803924
free,60dcda8692f09f402fad8566,4,3.032258064516129,77.87096774193549,1.0,3.6774193548387095,3.7096774193548385
free,60dcda8692f09f402fad8566,5,3.0,68.0,0.8888888888888888,3.5,3.5
free,60dd4616c232b68493415fb9,1,2.5421686746987953,78.3012048192771,0.5180722891566265,3.3734939759036147,3.5903614457831323
free,60dd4616c232b68493415fb9,2,2.5774647887323945,81.63380281690141,0.5633802816901409,3.591549295774648,3.5492957746478875
free,60dd4616c232b68493415fb9,3,2.48,77.02,0.66,3.5,3.5
free,60dd4616c232b68493415fb9,4,2.5588235294117645,58.529411764705884,0.6764705882352942,3.6176470588235294,3.6176470588235294
free,60dd4616c232b68493415fb9,5,2.6315789473684212,90.0,0.9473684210526315,3.6315789473684212,3.6315789473684212
free,60e2577f8c52db9d1fb5ffac,1,2.617283950617284,75.04938271604938,0.6419753086419753,3.4814814814814814,3.506172839506173
free,60e2577f8c52db9d1fb5ffac,2,2.642857142857143,82.28571428571429,0.7857142857142857,3.5285714285714285,3.4714285714285715
free,60e2577f8c52db9d1fb5ffac,3,2.607843137254902,68.86274509803921,0.9019607843137255,3.6470588235294117,3.5294117647058822
free,60e2577f8c52db9d1fb5ffac,4,2.72972972972973,82.67567567567568,0.8378378378378378,3.4324324324324325,3.4594594594594597
free,60e2577f8c52db9d1fb5ffac,5,2.6470588235294117,77.82352941176471,1.0,3.3529411764705883,3.3529411764705883
free,60eeb9d36a7364ce4723b8bd,1,2.5930232558139537,73.29069767441861,0.6395348837209303,3.453488372093023,3.5232558139534884
free,60eeb9d36a7364ce4723b8bd,2,2.5522388059701493,84.1044776119403,0.8208955223880597,3.5970149253731343,3.3134328358208953
free,60eeb9d36a7364ce4723b8bd,3,2.6346153846153846,80.71153846153847,0.8846153846153846,3.480769230769231,3.519230769230769
free,60eeb9d36a7364ce4723b8bd,4,2.5625,74.90625,1.0,3.375,3.375
free,60eeb9d36a7364ce4723b8bd,5,2.6470588235294117,63.529411764705884,1.0,3.6470588235294117,3.6470588235294117
free,60f816ff1fa74fcfab532378,1,2.988372093023256,78.84883720930233,0.5930232558139535,3.558139534883721,3.441860465116279
free,60f816ff1fa74fcfab532378,2,2.971830985915493,78.33802816901408,0.8450704225352113,3.408450704225352,3.507042253521127
free,60f816ff1fa74fcfab532378,3,2.9019607843137254,78.3529411764706,0.9215686274509803,3.4901960784313726,3.5686274509803924
free,60f816ff1fa74fcfab532378,4,2.9705882352941178,71.41176470588235,0.9117647058823529,3.5,3.5
free,60f816ff1fa74fcfab532378,5,3.0,64.06666666666666,1.0,3.0,3.0
free,60febe4bb7d1055665da0413,1,2.5977011494252875,80.0919540229885,0.6091954022988506,3.5402298850574714,3.4482758620689653
free,60febe4bb7d1055665da0413,2,2.5217391304347827,76.17391304347827,0.8695652173913043,3.5072463768115942,3.463768115942029
free,60febe4bb7d1055665da0413,3,2.549019607843137,74.2156862745098,0.8627450980392157,3.4705882352941178,3.4705882352941178
free,60febe4bb7d1055665da0413,4,2.4375,75.84375,0.90625,3.375,3.375
free,60febe4bb7d1055665da0413,5,2.2666666666666666,72.06666666666666,0.8,3.3333333333333335,3.3333333333333335
free,6104f643566bca4643370eba,1,2.9885057471264367,73.3103448275862,0.5862068965517241,3.5057471264367814,3.528735632183908
free,6104f643566bca4643370eba,2,3.044776119402985,81.5223880597015,0.6119402985074627,3.462686567164179,3.4477611940298507
free,6104f643566bca4643370eba,3,3.0,84.09615384615384,0.7307692307692307,3.3461538461538463,3.423076923076923
free,6104f643566bca4643370eba,4,3.193548387096774,73.12903225806451,0.45161290322580644,3.4516129032258065,3.4193548387096775
free,6104f643566bca4643370eba,5,3.0555555555555554,71.16666666666667,0.8333333333333334,3.2222222222222223,3.2222222222222223
free,611bf01adb826b006f4a82ef,1,1.6904761904761905,72.44047619047619,0.6309523809523809,3.5,3.4761904761904763
free,611bf01adb826b006f4a82ef,2,1.7857142857142858,74.27142857142857,0.7428571428571429,3.4571428571428573,3.4857142857142858
free,611bf01adb826b006f4a82ef,3,1.5918367346938775,84.83673469387755,0.9795918367346939,3.7142857142857144,3.5918367346938775
free,611bf01adb826b006f4a82ef,4,1.6,81.37142857142857,0.9142857142857143,3.6,3.5142857142857142
free,611bf01adb826b006f4a82ef,5,1.6470588235294117,74.3529411764706,0.9411764705882353,3.0588235294117645,3.0588235294117645
free,613b6a72b9d5544fcb6abf7a,1,2.7058823529411766,75.4235294117647,0.5058823529411764,3.6,3.411764705882353
free,613b6a72b9d5544fcb6abf7a,2,2.6029411764705883,77.04411764705883,0.6764705882352942,3.4705882352941178,3.588235294117647
free,613b6a72b9d5544fcb6abf7a,3,2.769230769230769,83.11538461538461,0.8076923076923077,3.6538461538461537,3.4615384615384617
free,613b6a72b9d5544fcb6abf7a,4,2.6666666666666665,67.81818181818181,0.8787878787878788,3.4545454545454546,3.4242424242424243
free,613b6a72b9d5544fcb6abf7a,5,2.611111111111111,88.0,0.8888888888888888,3.7777777777777777,3.7777777777777777
free,6151e69a392433707e7a9dfb,1,2.6,72.85882352941177,0.6,3.4705882352941178,3.5647058823529414
free,6151e69a392433707e7a9dfb,2,2.671641791044776,76.70149253731343,0.7611940298507462,3.417910447761194,3.5522388059701493
free,6151e69a392433707e7a9dfb,3,2.6923076923076925,81.07692307692308,0.9038461538461539,3.576923076923077,3.5384615384615383
free,6151e69a392433707e7a9dfb,4,2.6857142857142855,80.91428571428571,0.8857142857142857,3.5714285714285716,3.5428571428571427
free,6151e69a392433707e7a9dfb,5,2.5294117647058822,68.52941176470588,0.9411764705882353,3.6470588235294117,3.6470588235294117
free,6235af56808f1fc2e7b57c6a,1,2.0240963855421685,79.19277108433735,0.37349397590361444,3.5301204819277108,3.4578313253012047
free,6235af56808f1fc2e7b57c6a,2,2.0434782608695654,73.84057971014492,0.5507246376811594,3.5217391304347827,3.449275362318841
free,6235af56808f1fc2e7b57c6a,3,1.94,76.94,0.68,3.34,3.42
free,6235af56808f1fc2e7b57c6a,4,2.142857142857143,78.57142857142857,0.6285714285714286,3.4571428571428573,3.4285714285714284
free,6235af56808f1fc2e7b57c6a,5,2.1578947368421053,78.10526315789474,0.7368421052631579,3.3684210526315788,3.3684210526315788
free,629f6b8c65fcae219e245284,1,2.382716049382716,78.91358024691358,0.5432098765432098,3.567901234567901,3.3950617283950617
free,629f6b8c65fcae219e245284,2,2.3285714285714287,70.62857142857143,0.5571428571428572,3.4857142857142858,3.4571428571428573
free,629f6b8c65fcae219e245284,3,2.517857142857143,76.07142857142857,0.7857142857142857,3.5357142857142856,3.4642857142857144
free,629f6b8c65fcae219e245284,4,2.5588235294117645,90.20588235294117,0.8823529411764706,3.2941176470588234,3.235294117647059
free,629f6b8c65fcae219e245284,5,2.375,74.125,0.875,3.1875,3.1875
free,62e234304cf51f62d5ee3e48,1,1.7951807228915662,81.21686746987952,0.5542168674698795,3.4819277108433737,3.5060240963855422
free,62e234304cf51f62d5ee3e48,2,1.8888888888888888,75.25,0.6666666666666666,3.4583333333333335,3.486111111111111
free,62e234304cf51f62d5ee3e48,3,1.8431372549019607,77.07843137254902,0.7058823529411765,3.627450980392157,3.549019607843137
free,62e234304cf51f62d5ee3e48,4,1.84375,73.28125,0.84375,3.3125,3.1875
free,62e234304cf51f62d5ee3e48,5,1.8333333333333333,75.11111111111111,0.8888888888888888,3.5,3.5
free,62f2b6fdc1d275d246cba59b,1,2.127906976744186,74.5813953488372,0.6627906976744186,3.4767441860465116,3.5232558139534884
free,62f2b6fdc1d275d246cba59b,2,2.101449275362319,79.4927536231884,0.7101449275362319,3.4057971014492754,3.5072463768115942
free,62f2b6fdc1d275d246cba59b,3,2.12,73.84,0.84,3.48,3.52
free,62f2b6fdc1d275d246cba59b,4,2.235294117647059,76.79411764705883,0.9411764705882353,3.4705882352941178,3.5294117647058822
free,62f2b6fdc1d275d246cba59b,5,1.8823529411764706,95.05882352941177,1.0,3.6470588235294117,3.6470588235294117
free,62fbfd31ea1ec50c0bd3b135,1,2.6265060240963853,79.75903614457832,0.43373493975903615,3.397590361445783,3.6144578313253013
free,62fbfd31ea1ec50c0bd3b135,2,2.6714285714285713,74.05714285714286,0.4857142857142857,3.5,3.442857142857143
free,62fbfd31ea1ec50c0bd3b135,3,2.7,80.24,0.5,3.5,3.5
free,62fbfd31ea1ec50c0bd3b135,4,2.727272727272727,73.60606060606061,0.3939393939393939,3.5454545454545454,3.5757575757575757
free,62fbfd31ea1ec50c0bd3b135,5,2.6875,79.4375,0.5,3.8125,3.8125
free,6365862b94f7a68a41f98574,1,2.5647058823529414,78.43529411764706,0.5764705882352941,3.5176470588235293,3.447058823529412
free,6365862b94f7a68a41f98574,2,2.6769230769230767,82.0923076923077,0.7692307692307693,3.5692307692307694,3.4615384615384617
free,6365862b94f7a68a41f98574,3,2.641509433962264,69.01886792452831,0.9245283018867925,3.490566037735849,3.452830188679245
free,6365862b94f7a68a41f98574,4,2.611111111111111,73.72222222222223,0.9166666666666666,3.4722222222222223,3.5277777777777777
free,6365862b94f7a68a41f98574,5,2.533333333333333,89.33333333333333,0.9333333333333333,3.3333333333333335,3.3333333333333335
free,63879ab8ec8da4b78d403ce8,1,2.7142857142857144,76.70238095238095,0.5476190476190477,3.4761904761904763,3.5714285714285716
free,63879ab8ec8da4b78d403ce8,2,2.8088235294117645,80.29411764705883,0.5735294117647058,3.4558823529411766,3.485294117647059
free,63879ab8ec8da4b78d403ce8,3,2.875,69.70833333333333,0.75,3.4166666666666665,3.4583333333333335
free,63879ab8ec8da4b78d403ce8,4,2.6470588235294117,82.0,0.7647058823529411,3.411764705882353,3.3529411764705883
free,63879ab8ec8da4b78d403ce8,5,2.8421052631578947,73.52631578947368,0.7368421052631579,3.3684210526315788,3.3684210526315788
free,63b844da85fc3b1d33b69ecc,1,2.6627906976744184,79.81395348837209,0.4069767441860465,3.511627906976744,3.511627906976744
free,63b844da85fc3b1d33b69ecc,2,2.6857142857142855,77.28571428571429,0.5285714285714286,3.5714285714285716,3.4857142857142858
free,63b844da85fc3b1d33b69ecc,3,2.8,75.0,0.44,3.58,3.54
free,63b844da85fc3b1d33b69ecc,4,2.7419354838709675,71.83870967741936,0.41935483870967744,3.6774193548387095,3.4516129032258065
free,63b844da85fc3b1d33b69ecc,5,2.611111111111111,84.38888888888889,0.5555555555555556,3.2222222222222223,3.2222222222222223
free,63bb4a3a48b487f62234debe,1,2.4074074074074074,73.08641975308642,0.5925925925925926,3.382716049382716,3.654320987654321
free,63bb4a3a48b487f62234debe,2,2.411764705882353,75.82352941176471,0.7058823529411765,3.411764705882353,3.5294117647058822
free,63bb4a3a48b487f62234debe,3,2.490566037735849,77.64150943396227,0.7924528301886793,3.4339622641509435,3.3962264150943398
free,63bb4a3a48b487f62234debe,4,2.5405405405405403,83.91891891891892,0.8648648648648649,3.4864864864864864,3.4054054054054053
free,63bb4a3a48b487f62234debe,5,2.1333333333333333,84.86666666666666,0.9333333333333333,3.0,3.0
free,63cff252bc47898bf54b1c3e,1,2.3373493975903616,80.96385542168674,0.5903614457831325,3.5301204819277108,3.3855421686746987
free,63cff252bc47898bf54b1c3e,2,2.535211267605634,72.36619718309859,0.8028169014084507,3.436619718309859,3.591549295774648
free,63cff252bc47898bf54b1c3e,3,2.48,77.96,0.9,3.4,3.36
free,63cff252bc47898bf54b1c3e,4,2.5,74.76470588235294,0.7941176470588235,3.5294117647058822,3.4705882352941178
free,63cff252bc47898bf54b1c3e,5,2.375,70.5,0.8125,3.8125,3.8125
free,63d1224219b8af30f1dca3c0,1,2.453488372093023,76.04651162790698,0.4883720930232558,3.511627906976744,3.511627906976744
free,63d1224219b8af30f1dca3c0,2,2.492957746478873,75.16901408450704,0.5915492957746479,3.436619718309859,3.535211267605634
free,63d1224219b8af30f1dca3c0,3,2.4489795918367347,79.61224489795919,0.6530612244897959,3.5510204081632653,3.510204081632653
free,63d1224219b8af30f1dca3c0,4,2.4838709677419355,82.58064516129032,0.6774193548387096,3.6774193548387095,3.7096774193548385
free,63d1224219b8af30f1dca3c0,5,2.3529411764705883,77.41176470588235,0.8823529411764706,3.9411764705882355,3.9411764705882355
free,63d13b740d6c5fa4a1128aed,1,2.5833333333333335,76.1547619047619,0.5714285714285714,3.5833333333333335,3.4166666666666665
free,63d13b740d6c5fa4a1128aed,2,2.6176470588235294,78.6470588235294,0.6617647058823529,3.4411764705882355,3.4411764705882355
free,63d13b740d6c5fa4a1128aed,3,2.5918367346938775,76.3061224489796,0.7346938775510204,3.5510204081632653,3.63265306122449
free,63d13b740d6c5fa4a1128aed,4,2.5555555555555554,72.38888888888889,0.8611111111111112,3.5277777777777777,3.4722222222222223
free,63d13b740d6c5fa4a1128aed,5,2.5555555555555554,90.88888888888889,0.7222222222222222,3.2222222222222223,3.2222222222222223
free,63d197b56c5f5de261f50cd4,1,2.710843373493976,76.09638554216868,0.4819277108433735,3.5421686746987953,3.4698795180722892
free,63d197b56c5f5de261f50cd4,2,2.642857142857143,76.94285714285714,0.5857142857142857,3.6142857142857143,3.557142857142857
free,63d197b56c5f5de261f50cd4,3,2.6538461538461537,76.65384615384616,0.6346153846153846,3.519230769230769,3.480769230769231
free,63d197b56c5f5de261f50cd4,4,2.6842105263157894,82.57894736842105,0.7631578947368421,3.5,3.5
free,63d197b56c5f5de261f50cd4,5,2.6875,67.3125,0.875,3.1875,3.1875
free,63d284f85392896193d9c8ef,1,2.3452380952380953,81.36904761904762,0.5595238095238095,3.5238095238095237,3.4285714285714284
free,63d284f85392896193d9c8ef,2,2.3384615384615386,73.03076923076924,0.8,3.4153846153846152,3.4923076923076923
free,63d284f85392896193d9c8ef,3,2.381818181818182,75.56363636363636,0.9090909090909091,3.4545454545454546,3.4909090909090907
free,63d284f85392896193d9c8ef,4,2.1875,81.0,1.0,3.46875,3.53125
free,63d284f85392896193d9c8ef,5,2.2222222222222223,70.27777777777777,0.8888888888888888,3.5,3.5
free,63d7a6bd88c110589801cbf8,1,2.460674157303371,81.02247191011236,0.5842696629213483,3.404494382022472,3.5842696629213484
free,63d7a6bd88c110589801cbf8,2,2.417910447761194,77.26865671641791,0.7014925373134329,3.537313432835821,3.5522388059701493
free,63d7a6bd88c110589801cbf8,3,2.4038461538461537,79.51923076923077,0.9038461538461539,3.576923076923077,3.6538461538461537
free,63d7a6bd88c110589801cbf8,4,2.3333333333333335,70.66666666666667,0.9090909090909091,3.5757575757575757,3.5454545454545454
free,63d7a6bd88c110589801cbf8,5,2.533333333333333,68.26666666666667,0.9333333333333333,3.6666666666666665,3.6666666666666665
free,63d9115807675df2e7864454,1,2.3333333333333335,73.83333333333333,0.5952380952380952,3.5238095238095237,3.5
free,63d9115807675df2e7864454,2,2.449275362318841,77.57971014492753,0.7536231884057971,3.5942028985507246,3.550724637681159
free,63d9115807675df2e7864454,3,2.4081632653061225,75.40816326530613,0.8979591836734694,3.673469387755102,3.63265306122449
free,63d9115807675df2e7864454,4,2.4857142857142858,86.25714285714285,0.8857142857142857,3.4285714285714284,3.4571428571428573
free,63d9115807675df2e7864454,5,2.2941176470588234,80.17647058823529,0.9411764705882353,3.3529411764705883,3.3529411764705883
free,63ea973cedc5110966e26d36,1,2.6705882352941175,78.56470588235294,0.6705882352941176,3.552941176470588,3.4823529411764707
free,63ea973cedc5110966e26d36,2,2.6470588235294117,81.61764705882354,0.7058823529411765,3.5588235294117645,3.4411764705882355
free,63ea973cedc5110966e26d36,3,2.607843137254902,73.82352941176471,0.9215686274509803,3.4705882352941178,3.4705882352941178
free,63ea973cedc5110966e26d36,4,2.676470588235294,76.38235294117646,0.9117647058823529,3.5294117647058822,3.4705882352941178
free,63ea973cedc5110966e26d36,5,2.6470588235294117,74.3529411764706,0.8235294117647058,3.3529411764705883,3.3529411764705883
free,63f38679dc4fae15ba49de24,1,2.896551724137931,75.55172413793103,0.6206896551724138,3.3563218390804597,3.586206896551724
free,63f38679dc4fae15ba49de24,2,2.927536231884058,69.69565217391305,0.5942028985507246,3.5217391304347827,3.5072463768115942
free,63f38679dc4fae15ba49de24,3,3.018867924528302,85.39622641509433,0.7169811320754716,3.3962264150943398,3.3207547169811322
free,63f38679dc4fae15ba49de24,4,2.9375,78.65625,0.75,3.875,3.875
free,63f38679dc4fae15ba49de24,5,2.875,75.0625,0.875,3.5,3.5
free,63f50af2c1c4e936e812b6f6,1,2.616279069767442,78.77906976744185,0.5232558139534884,3.616279069767442,3.383720930232558
free,63f50af2c1c4e936e812b6f6,2,2.6363636363636362,77.16666666666667,0.6060606060606061,3.4393939393939394,3.5606060606060606
free,63f50af2c1c4e936e812b6f6,3,2.6,78.02,0.48,3.58,3.54
free,63f50af2c1c4e936e812b6f6,4,2.6666666666666665,72.41666666666667,0.3333333333333333,3.5,3.5
free,63f50af2c1c4e936e812b6f6,5,2.764705882352941,76.05882352941177,0.6470588235294118,3.6470588235294117,3.6470588235294117
free,63f779740de2ae5b2620cec4,1,2.566265060240964,74.10843373493977,0.7228915662650602,3.5180722891566263,3.4216867469879517
free,63f779740de2ae5b2620cec4,2,2.5416666666666665,79.18055555555556,0.8333333333333334,3.4444444444444446,3.611111111111111
free,63f779740de2ae5b2620cec4,3,2.404255319148936,74.53191489361703,0.8723404255319149,3.5106382978723403,3.5531914893617023
free,63f779740de2ae5b2620cec4,4,2.46875,79.25,0.9375,3.65625,3.59375
free,63f779740de2ae5b2620cec4,5,2.5,85.9,0.9,3.5,3.5
interleaved,56a757a95ad8d9000c970c76,1,2.6436781609195403,76.2183908045977,0.6436781609195402,3.5172413793103448,3.4942528735632186
interleaved,56a757a95ad8d9000c970c76,2,2.6956521739130435,77.72463768115942,0.782608695652174,3.5072463768115942,3.463768115942029
interleaved,56a757a95ad8d9000c970c76,3,2.66,79.9,0.88,3.44,3.44
interleaved,56a757a95ad8d9000c970c76,4,2.59375,78.5,0.90625,3.5,3.5
interleaved,56a757a95ad8d9000c970c76,5,2.6666666666666665,70.16666666666667,0.9444444444444444,3.5,3.5
interleaved,577e3a5025cb71000128727e,1,2.6470588235294117,76.87058823529412,0.6470588235294118,3.5176470588235293,3.4941176470588236
interleaved,577e3a5025cb71000128727e,2,2.6865671641791047,82.83582089552239,0.6716417910447762,3.4477611940298507,3.5223880597014925
interleaved,577e3a5025cb71000128727e,3,2.641509433962264,77.83018867924528,0.6981132075471698,3.490566037735849,3.452830188679245
interleaved,577e3a5025cb71000128727e,4,2.7058823529411766,66.05882352941177,0.8529411764705882,3.5,3.5
interleaved,577e3a5025cb71000128727e,5,2.6470588235294117,71.82352941176471,0.8235294117647058,3.6470588235294117,3.6470588235294117
interleaved,57a36f499bd3d70001e5230e,1,2.7045454545454546,76.64772727272727,0.5454545454545454,3.4886363636363638,3.534090909090909
interleaved,57a36f499bd3d70001e5230e,2,2.6363636363636362,78.65151515151516,0.6212121212121212,3.4242424242424243,3.515151515151515
interleaved,57a36f499bd3d70001e5230e,3,2.64,78.04,0.68,3.4,3.48
interleaved,57a36f499bd3d70001e5230e,4,2.676470588235294,76.94117647058823,0.7941176470588235,3.4705882352941178,3.5294117647058822
interleaved,57a36f499bd3d70001e5230e,5,2.588235294117647,74.05882352941177,0.7647058823529411,3.6470588235294117,3.6470588235294117
interleaved,5870336cdb3e720001e230cd,1,2.6666666666666665,77.5632183908046,0.5747126436781609,3.5402298850574714,3.4482758620689653
interleaved,5870336cdb3e720001e230cd,2,2.6666666666666665,72.25757575757575,0.6212121212121212,3.4545454545454546,3.5454545454545454
interleaved,5870336cdb3e720001e230cd,3,2.6666666666666665,78.07843137254902,0.8235294117647058,3.411764705882353,3.5294117647058822
interleaved,5870336cdb3e720001e230cd,4,2.6666666666666665,82.11111111111111,0.8888888888888888,3.5,3.5
interleaved,5870336cdb3e720001e230cd,5,2.8,79.86666666666666,0.8,3.6666666666666665,3.6666666666666665
interleaved,58f34b88c40b7e0001099c8e,1,2.6551724137931036,79.73563218390805,0.5632183908045977,3.4827586206896552,3.5057471264367814
interleaved,58f34b88c40b7e0001099c8e,2,2.652173913043478,75.76811594202898,0.7246376811594203,3.5217391304347827,3.5072463768115942
interleaved,58f34b88c40b7e0001099c8e,3,2.7755102040816326,76.38775510204081,0.7551020408163265,3.5918367346938775,3.5918367346938775
interleaved,58f34b88c40b7e0001099c8e,4,2.6176470588235294,74.26470588235294,0.7058823529411765,3.5294117647058822,3.4705882352941178
interleaved,58f34b88c40b7e0001099c8e,5,2.6666666666666665,75.33333333333333,0.8888888888888888,3.5,3.5
interleaved,593f105f02d1cc0001071a72,1,2.6666666666666665,77.38095238095238,0.5,3.4761904761904763,3.5238095238095237
interleaved,593f105f02d1cc0001071a72,2,2.6666666666666665,76.05797101449275,0.6376811594202898,3.4927536231884058,3.4782608695652173
interleaved,593f105f02d1cc0001071a72,3,2.660377358490566,80.11320754716981,0.660377358490566,3.4716981132075473,3.4716981132075473
interleaved,593f105f02d1cc0001071a72,4,2.588235294117647,75.55882352941177,0.8235294117647058,3.3823529411764706,3.3823529411764706
interleaved,593f105f02d1cc0001071a72,5,2.6470588235294117,75.70588235294117,0.6470588235294118,3.3529411764705883,3.3529411764705883
interleaved,59712abaafd8a4000160ff35,1,2.6666666666666665,79.59770114942529,0.6091954022988506,3.5172413793103448,3.4942528735632186
interleaved,59712abaafd8a4000160ff35,2,2.626865671641791,79.65671641791045,0.8805970149253731,3.537313432835821,3.4925373134328357
interleaved,59712abaafd8a4000160ff35,3,2.7291666666666665,74.0,0.75,3.5416666666666665,3.4583333333333335
interleaved,59712abaafd8a4000160ff35,4,2.6666666666666665,77.22222222222223,0.9166666666666666,3.5,3.5
interleaved,59712abaafd8a4000160ff35,5,2.588235294117647,65.17647058823529,0.9411764705882353,3.6470588235294117,3.6470588235294117
interleaved,5986038865326000012c1578,1,2.6666666666666665,79.25,0.5714285714285714,3.4523809523809526,3.5476190476190474
interleaved,5986038865326000012c1578,2,2.6231884057971016,80.57971014492753,0.5507246376811594,3.5072463768115942,3.5217391304347827
interleaved,5986038865326000012c1578,3,2.6595744680851063,77.27659574468085,0.723404255319149,3.595744680851064,3.595744680851064
interleaved,5986038865326000012c1578,4,2.7142857142857144,74.48571428571428,0.7714285714285715,3.4285714285714284,3.4571428571428573
interleaved,5986038865326000012c1578,5,2.6666666666666665,67.22222222222223,0.7777777777777778,3.5,3.5
interleaved,59a6aa43b2130b000179d303,1,2.630952380952381,77.79761904761905,0.6428571428571429,3.5357142857142856,3.511904761904762
interleaved,59a6aa43b2130b000179d303,2,2.671641791044776,75.41791044776119,0.8507462686567164,3.5223880597014925,3.5671641791044775
interleaved,59a6aa43b2130b000179d303,3,2.6923076923076925,77.57692307692308,0.8846153846153846,3.480769230769231,3.4038461538461537
interleaved,59a6aa43b2130b000179d303,4,2.6176470588235294,81.55882352941177,0.9411764705882353,3.6176470588235294,3.6176470588235294
interleaved,59a6aa43b2130b000179d303,5,2.6666666666666665,78.55555555555556,0.9444444444444444,3.5,3.5
interleaved,5a04ccfef2e3460001edadef,1,2.6987951807228914,82.06024096385542,0.5662650602409639,3.4819277108433737,3.4819277108433737
interleaved,5a04ccfef2e3460001edadef,2,2.642857142857143,74.91428571428571,0.6,3.5285714285714285,3.4714285714285715
interleaved,5a04ccfef2e3460001edadef,3,2.6153846153846154,74.73076923076923,0.75,3.5384615384615383,3.576923076923077
interleaved,5a04ccfef2e3460001edadef,4,2.7142857142857144,78.37142857142857,0.6857142857142857,3.4285714285714284,3.4571428571428573
interleaved,5a04ccfef2e3460001edadef,5,2.6666666666666665,74.13333333333334,0.8,3.0,3.0
interleaved,5a051341ff266c0001d1f915,1,2.689655172413793,76.71264367816092,0.6091954022988506,3.5402298850574714,3.471264367816092
interleaved,5a051341ff266c0001d1f915,2,2.656716417910448,76.67164179104478,0.7014925373134329,3.5074626865671643,3.5223880597014925
interleaved,5a051341ff266c0001d1f915,3,2.627450980392157,84.54901960784314,0.9411764705882353,3.4901960784313726,3.450980392156863
interleaved,5a051341ff266c0001d1f915,4,2.6470588235294117,70.97058823529412,0.8529411764705882,3.6176470588235294,3.6176470588235294
interleaved,5a051341ff266c0001d1f915,5,2.588235294117647,81.0,0.7058823529411765,3.3529411764705883,3.3529411764705883
interleaved,5a0c4184fe645f0001e9f5dd,1,2.630952380952381,76.54761904761905,0.6309523809523809,3.5,3.4761904761904763
interleaved,5a0c4184fe645f0001e9f5dd,2,2.7205882352941178,74.67647058823529,0.6764705882352942,3.5294117647058822,3.4705882352941178
interleaved,5a0c4184fe645f0001e9f5dd,3,2.7142857142857144,76.59183673469387,0.9183673469387755,3.5918367346938775,3.4693877551020407
interleaved,5a0c4184fe645f0001e9f5dd,4,2.5757575757575757,88.87878787878788,0.9393939393939394,3.6666666666666665,3.696969696969697
interleaved,5a0c4184fe645f0001e9f5dd,5,2.6666666666666665,78.77777777777777,1.0,3.5,3.5
interleaved,5a50fab2f6c517000194760b,1,2.6627906976744184,76.95348837209302,0.5581395348837209,3.558139534883721,3.4186046511627906
interleaved,5a50fab2f6c517000194760b,2,2.676470588235294,75.07352941176471,0.7058823529411765,3.573529411764706,3.5441176470588234
interleaved,5a50fab2f6c517000194760b,3,2.62,76.08,0.74,3.42,3.46
interleaved,5a50fab2f6c517000194760b,4,2.6666666666666665,80.33333333333333,0.8181818181818182,3.515151515151515,3.606060606060606
interleaved,5a50fab2f6c517000194760b,5,2.6666666666666665,78.11111111111111,0.8888888888888888,3.5,3.5
interleaved,5a606ae1eedc32000142ea79,1,2.6666666666666665,78.67857142857143,0.5833333333333334,3.5357142857142856,3.488095238095238
interleaved,5a606ae1eedc32000142ea79,2,2.681159420289855,78.85507246376811,0.7101449275362319,3.4927536231884058,3.4782608695652173
interleaved,5a606ae1eedc32000142ea79,3,2.7,76.62,0.78,3.52,3.48
interleaved,5a606ae1eedc32000142ea79,4,2.6363636363636362,76.6969696969697,0.8181818181818182,3.5454545454545454,3.5757575757575757
interleaved,5a606ae1eedc32000142ea79,5,2.6666666666666665,74.27777777777777,1.0,3.5,3.5
interleaved,5a840fcfb093f80001a7cf78,1,2.6904761904761907,80.46428571428571,0.5,3.5357142857142856,3.488095238095238
interleaved,5a840fcfb093f80001a7cf78,2,2.6666666666666665,73.44927536231884,0.5942028985507246,3.5072463768115942,3.5217391304347827
interleaved,5a840fcfb093f80001a7cf78,3,2.6923076923076925,74.53846153846153,0.6730769230769231,3.4423076923076925,3.4423076923076925
interleaved,5a840fcfb093f80001a7cf78,4,2.7058823529411766,78.47058823529412,0.7647058823529411,3.3823529411764706,3.3823529411764706
interleaved,5a840fcfb093f80001a7cf78,5,2.588235294117647,80.41176470588235,0.5294117647058824,3.3529411764705883,3.3529411764705883
interleaved,5b0710e7a84dcf0001beee8a,1,2.6823529411764704,79.56470588235294,0.4,3.5058823529411764,3.5058823529411764
interleaved,5b0710e7a84dcf0001beee8a,2,2.6176470588235294,76.11764705882354,0.6470588235294118,3.5294117647058822,3.4705882352941178
interleaved,5b0710e7a84dcf0001beee8a,3,2.6862745098039214,80.0,0.5294117647058824,3.4313725490196076,3.392156862745098
interleaved,5b0710e7a84dcf0001beee8a,4,2.6363636363636362,70.3030303030303,0.696969696969697,3.4545454545454546,3.4242424242424243
interleaved,5b0710e7a84dcf0001beee8a,5,2.6875,77.8125,0.8125,3.8125,3.8125
interleaved,5ba1a06b0686690001f514ae,1,2.6705882352941175,73.24705882352941,0.6941176470588235,3.4705882352941178,3.541176470588235
interleaved,5ba1a06b0686690001f514ae,2,2.716417910447761,81.29850746268657,0.8656716417910447,3.537313432835821,3.611940298507463
interleaved,5ba1a06b0686690001f514ae,3,2.58,74.26,0.84,3.54,3.58
interleaved,5ba1a06b0686690001f514ae,4,2.6666666666666665,77.83333333333333,0.9722222222222222,3.5,3.5
interleaved,5ba1a06b0686690001f514ae,5,2.6470588235294117,84.41176470588235,1.0,3.3529411764705883,3.3529411764705883
interleaved,5bec4ebcf2dba6000166d420,1,2.6823529411764704,80.34117647058824,0.6470588235294118,3.552941176470588,3.4823529411764707
interleaved,5bec4ebcf2dba6000166d420,2,2.6363636363636362,78.25757575757575,0.803030303030303,3.515151515151515,3.5454545454545454
interleaved,5bec4ebcf2dba6000166d420,3,2.641509433962264,69.39622641509433,0.7735849056603774,3.452830188679245,3.490566037735849
interleaved,5bec4ebcf2dba6000166d420,4,2.7142857142857144,79.71428571428571,0.9142857142857143,3.4571428571428573,3.4285714285714284
interleaved,5bec4ebcf2dba6000166d420,5,2.6666666666666665,78.0,0.9444444444444444,3.5,3.5
interleaved,5c6ab741a70f0f0001607363,1,2.7058823529411766,78.94117647058823,0.6470588235294118,3.5176470588235293,3.4941176470588236
interleaved,5c6ab741a70f0f0001607363,2,2.642857142857143,75.51428571428572,0.7285714285714285,3.5714285714285716,3.4857142857142858
interleaved,5c6ab741a70f0f0001607363,3,2.6,77.12,0.82,3.6,3.52
interleaved,5c6ab741a70f0f0001607363,4,2.657142857142857,80.17142857142858,0.9142857142857143,3.4285714285714284,3.4571428571428573
interleaved,5c6ab741a70f0f0001607363,5,2.875,75.5,0.75,3.5,3.5
interleaved,5c82a5b5c2ceec0017199b48,1,2.6547619047619047,77.1547619047619,0.5833333333333334,3.4761904761904763,3.5238095238095237
interleaved,5c82a5b5c2ceec0017199b48,2,2.716417910447761,79.83582089552239,0.6268656716417911,3.5223880597014925,3.4477611940298507
interleaved,5c82a5b5c2ceec0017199b48,3,2.660377358490566,73.35849056603773,0.6415094339622641,3.509433962264151,3.547169811320755
interleaved,5c82a5b5c2ceec0017199b48,4,2.6176470588235294,71.17647058823529,0.7647058823529411,3.3823529411764706,3.3823529411764706
interleaved,5c82a5b5c2ceec0017199b48,5,2.764705882352941,82.29411764705883,0.6470588235294118,3.6470588235294117,3.6470588235294117
interleaved,5cb20f2d7c917b00172dfef5,1,2.6436781609195403,76.65517241379311,0.5057471264367817,3.4942528735632186,3.4942528735632186
interleaved,5cb20f2d7c917b00172dfef5,2,2.671641791044776,79.2089552238806,0.6865671641791045,3.5970149253731343,3.5522388059701493
interleaved,5cb20f2d7c917b00172dfef5,3,2.7346938775510203,74.38775510204081,0.7959183673469388,3.5714285714285716,3.6122448979591835
interleaved,5cb20f2d7c917b00172dfef5,4,2.6176470588235294,74.67647058823529,0.8529411764705882,3.6470588235294117,3.588235294117647
interleaved,5cb20f2d7c917b00172dfef5,5,2.764705882352941,84.58823529411765,1.0,3.3529411764705883,3.3529411764705883
interleaved,5cf29f37329cee0019fe8188,1,2.740740740740741,78.28395061728395,0.5308641975308642,3.506172839506173,3.5308641975308643
interleaved,5cf29f37329cee0019fe8188,2,2.626865671641791,75.56716417910448,0.43283582089552236,3.4776119402985075,3.4925373134328357
interleaved,5cf29f37329cee0019fe8188,3,2.6666666666666665,74.92592592592592,0.7037037037037037,3.5,3.5
interleaved,5cf29f37329cee0019fe8188,4,2.6176470588235294,79.94117647058823,0.6764705882352942,3.5,3.5
interleaved,5cf29f37329cee0019fe8188,5,2.6666666666666665,76.38888888888889,0.6666666666666666,3.5,3.5
interleaved,5cfde288bab656000198b943,1,2.7023809523809526,79.46428571428571,0.5952380952380952,3.4642857142857144,3.5595238095238093
interleaved,5cfde288bab656000198b943,2,2.661764705882353,78.29411764705883,0.7794117647058824,3.4705882352941178,3.5294117647058822
interleaved,5cfde288bab656000198b943,3,2.6470588235294117,76.17647058823529,0.9019607843137255,3.5098039215686274,3.549019607843137
interleaved,5cfde288bab656000198b943,4,2.657142857142857,81.2,0.8,3.5714285714285716,3.5428571428571427
interleaved,5cfde288bab656000198b943,5,2.6470588235294117,67.52941176470588,0.9411764705882353,3.3529411764705883,3.3529411764705883
interleaved,5d52e15363bdb100010883f1,1,2.6744186046511627,80.40697674418605,0.5581395348837209,3.511627906976744,3.4651162790697674
interleaved,5d52e15363bdb100010883f1,2,2.611940298507463,74.82089552238806,0.5373134328358209,3.582089552238806,3.4477611940298507
interleaved,5d52e15363bdb100010883f1,3,2.764705882352941,74.13725490196079,0.7450980392156863,3.4901960784313726,3.450980392156863
interleaved,5d52e15363bdb100010883f1,4,2.6666666666666665,76.6969696969697,0.7575757575757576,3.4545454545454546,3.4242424242424243
interleaved,5d52e15363bdb100010883f1,5,2.6470588235294117,83.47058823529412,0.7058823529411765,3.6470588235294117,3.6470588235294117
interleaved,5d53fd59f6d6da00011209c0,1,2.6097560975609757,79.76829268292683,0.6951219512195121,3.4634146341463414,3.5121951219512195
interleaved,5d53fd59f6d6da00011209c0,2,2.6911764705882355,78.80882352941177,0.75,3.4705882352941178,3.4705882352941178
interleaved,5d53fd59f6d6da00011209c0,3,2.6862745098039214,75.66666666666667,0.9019607843137255,3.5294117647058822,3.5294117647058822
interleaved,5d53fd59f6d6da00011209c0,4,2.7142857142857144,70.6,0.9428571428571428,3.5714285714285716,3.5428571428571427
interleaved,5d53fd59f6d6da00011209c0,5,2.6666666666666665,81.44444444444444,1.0,3.5,3.5
interleaved,5d837955f1038a001f8d4ed6,1,2.7011494252873565,77.26436781609195,0.6436781609195402,3.471264367816092,3.5172413793103448
interleaved,5d837955f1038a001f8d4ed6,2,2.642857142857143,79.74285714285715,0.7142857142857143,3.5,3.5
interleaved,5d837955f1038a001f8d4ed6,3,2.6122448979591835,75.57142857142857,0.7142857142857143,3.4693877551020407,3.4693877551020407
interleaved,5d837955f1038a001f8d4ed6,4,2.606060606060606,80.0,0.8181818181818182,3.303030303030303,3.3333333333333335
interleaved,5d837955f1038a001f8d4ed6,5,2.764705882352941,67.47058823529412,0.6470588235294118,3.3529411764705883,3.3529411764705883
interleaved,5de7900ceb1b0a6fe754b2c6,1,2.682926829268293,75.7560975609756,0.45121951219512196,3.548780487804878,3.402439024390244
interleaved,5de7900ceb1b0a6fe754b2c6,2,2.647887323943662,77.98591549295774,0.5211267605633803,3.507042253521127,3.464788732394366
interleaved,5de7900ceb1b0a6fe754b2c6,3,2.7,77.38,0.58,3.44,3.44
interleaved,5de7900ceb1b0a6fe754b2c6,4,2.676470588235294,76.76470588235294,0.5294117647058824,3.6176470588235294,3.6176470588235294
interleaved,5de7900ceb1b0a6fe754b2c6,5,2.6666666666666665,79.22222222222223,0.5555555555555556,3.5,3.5
interleaved,5e4581956c3d44068924b616,1,2.689655172413793,74.41379310344827,0.5057471264367817,3.528735632183908,3.4827586206896552
interleaved,5e4581956c3d44068924b616,2,2.656716417910448,75.35820895522389,0.6268656716417911,3.4477611940298507,3.582089552238806
interleaved,5e4581956c3d44068924b616,3,2.6122448979591835,84.12244897959184,0.6938775510204082,3.5510204081632653,3.3877551020408165
interleaved,5e4581956c3d44068924b616,4,2.6666666666666665,78.87878787878788,0.696969696969697,3.5454545454545454,3.5757575757575757
interleaved,5e4581956c3d44068924b616,5,2.6666666666666665,83.05555555555556,0.6111111111111112,3.5,3.5
interleaved,5e54e72f4780844d1db7976d,1,2.6551724137931036,73.85057471264368,0.5862068965517241,3.4942528735632186,3.4942528735632186
interleaved,5e54e72f4780844d1db7976d,2,2.5757575757575757,77.0,0.7575757575757576,3.409090909090909,3.4696969696969697
interleaved,5e54e72f4780844d1db7976d,3,2.7254901960784315,82.70588235294117,0.803921568627451,3.4705882352941178,3.588235294117647
interleaved,5e54e72f4780844d1db7976d,4,2.78125,80.25,0.875,3.40625,3.34375
interleaved,5e54e72f4780844d1db7976d,5,2.764705882352941,86.76470588235294,0.8823529411764706,3.6470588235294117,3.6470588235294117
interleaved,5e6a6d1f833f2d021f683ea7,1,2.6588235294117646,74.69411764705882,0.5647058823529412,3.4705882352941178,3.541176470588235
interleaved,5e6a6d1f833f2d021f683ea7,2,2.661764705882353,74.95588235294117,0.7205882352941176,3.514705882352941,3.485294117647059
interleaved,5e6a6d1f833f2d021f683ea7,3,2.673076923076923,82.5,0.8076923076923077,3.5,3.5
interleaved,5e6a6d1f833f2d021f683ea7,4,2.7142857142857144,78.17142857142858,0.9714285714285714,3.4285714285714284,3.4571428571428573
interleaved,5e6a6d1f833f2d021f683ea7,5,2.6470588235294117,75.6470588235294,0.9411764705882353,3.6470588235294117,3.6470588235294117
interleaved,5e9fd839311b8018f88c99eb,1,2.6705882352941175,76.38823529411765,0.43529411764705883,3.541176470588235,3.4235294117647057
interleaved,5e9fd839311b8018f88c99eb,2,2.7058823529411766,79.3529411764706,0.39705882352941174,3.5588235294117645,3.5588235294117645
interleaved,5e9fd839311b8018f88c99eb,3,2.6346153846153846,81.90384615384616,0.4423076923076923,3.5576923076923075,3.5576923076923075
interleaved,5e9fd839311b8018f88c99eb,4,2.6363636363636362,70.63636363636364,0.3939393939393939,3.303030303030303,3.3333333333333335
interleaved,5e9fd839311b8018f88c99eb,5,2.6666666666666665,76.93333333333334,0.6,3.6666666666666665,3.6666666666666665
interleaved,5eda56d66594866448d580c8,1,2.6265060240963853,79.34939759036145,0.6144578313253012,3.5421686746987953,3.4698795180722892
interleaved,5eda56d66594866448d580c8,2,2.735294117647059,81.26470588235294,0.7058823529411765,3.5294117647058822,3.588235294117647
interleaved,5eda56d66594866448d580c8,3,2.6346153846153846,73.51923076923077,0.7692307692307693,3.423076923076923,3.4615384615384617
interleaved,5eda56d66594866448d580c8,4,2.676470588235294,78.1470588235294,0.7941176470588235,3.588235294117647,3.6470588235294117
interleaved,5eda56d66594866448d580c8,5,2.6666666666666665,74.66666666666667,0.7777777777777778,3.5,3.5
interleaved,5efe04e9e399372b1b7ca8c0,1,2.686046511627907,74.06976744186046,0.5465116279069767,3.441860465116279,3.5348837209302326
interleaved,5efe04e9e399372b1b7ca8c0,2,2.676470588235294,77.38235294117646,0.6323529411764706,3.4705882352941178,3.4705882352941178
interleaved,5efe04e9e399372b1b7ca8c0,3,2.6923076923076925,79.71153846153847,0.75,3.480769230769231,3.4038461538461537
interleaved,5efe04e9e399372b1b7ca8c0,4,2.5806451612903225,77.45161290322581,0.8064516129032258,3.5483870967741935,3.5806451612903225
interleaved,5efe04e9e399372b1b7ca8c0,5,2.6666666666666665,76.16666666666667,0.8888888888888888,3.5,3.5
interleaved,5f00d65cb69f9e20f144e404,1,2.6470588235294117,78.68235294117648,0.5058823529411764,3.4705882352941178,3.5176470588235293
interleaved,5f00d65cb69f9e20f144e404,2,2.710144927536232,78.82608695652173,0.5652173913043478,3.463768115942029,3.449275362318841
interleaved,5f00d65cb69f9e20f144e404,3,2.6041666666666665,74.125,0.6666666666666666,3.4583333333333335,3.6666666666666665
interleaved,5f00d65cb69f9e20f144e404,4,2.676470588235294,81.02941176470588,0.6176470588235294,3.6176470588235294,3.6176470588235294
interleaved,5f00d65cb69f9e20f144e404,5,2.6666666666666665,73.72222222222223,0.7222222222222222,3.5,3.5
interleaved,5f14606495f8a710716e860e,1,2.632183908045977,74.82758620689656,0.5172413793103449,3.4597701149425286,3.528735632183908
interleaved,5f14606495f8a710716e860e,2,2.7058823529411766,77.1029411764706,0.6323529411764706,3.426470588235294,3.514705882352941
interleaved,5f14606495f8a710716e860e,3,2.7291666666666665,77.0625,0.5416666666666666,3.4791666666666665,3.5208333333333335
interleaved,5f14606495f8a710716e860e,4,2.6285714285714286,82.88571428571429,0.6,3.5428571428571427,3.5714285714285716
interleaved,5f14606495f8a710716e860e,5,2.466666666666667,91.13333333333334,0.6,3.6666666666666665,3.6666666666666665
interleaved,5f3059fc3b12674b7a637b97,1,2.6666666666666665,77.183908045977,0.5632183908045977,3.5172413793103448,3.471264367816092
interleaved,5f3059fc3b12674b7a637b97,2,2.6714285714285713,78.75714285714285,0.6571428571428571,3.5,3.5
interleaved,5f3059fc3b12674b7a637b97,3,2.6382978723404253,74.0,0.7446808510638298,3.6382978723404253,3.6808510638297873
interleaved,5f3059fc3b12674b7a637b97,4,2.657142857142857,75.2,0.8285714285714286,3.4285714285714284,3.4571428571428573
interleaved,5f3059fc3b12674b7a637b97,5,2.6470588235294117,80.29411764705883,0.7058823529411765,3.3529411764705883,3.3529411764705883
interleaved,5f356cbffb4cea5170d04fd9,1,2.6704545454545454,75.57954545454545,0.6704545454545454,3.5113636363636362,3.4886363636363638
interleaved,5f356cbffb4cea5170d04fd9,2,2.703125,79.234375,0.8125,3.640625,3.484375
interleaved,5f356cbffb4cea5170d04fd9,3,2.58,72.64,0.76,3.54,3.58
interleaved,5f356cbffb4cea5170d04fd9,4,2.676470588235294,80.5,0.7647058823529411,3.6176470588235294,3.6176470588235294
interleaved,5f356cbffb4cea5170d04fd9,5,2.6666666666666665,80.72222222222223,1.0,3.5,3.5
interleaved,5f39a493da1ce1553328ebd9,1,2.635294117647059,75.04705882352941,0.6,3.4823529411764707,3.4823529411764707
interleaved,5f39a493da1ce1553328ebd9,2,2.6911764705882355,86.94117647058823,0.7205882352941176,3.485294117647059,3.3970588235294117
interleaved,5f39a493da1ce1553328ebd9,3,2.660377358490566,67.98113207547169,0.8490566037735849,3.452830188679245,3.490566037735849
interleaved,5f39a493da1ce1553328ebd9,4,2.6176470588235294,74.41176470588235,0.8823529411764706,3.5,3.5
interleaved,5f39a493da1ce1553328ebd9,5,2.764705882352941,77.70588235294117,1.0,3.3529411764705883,3.3529411764705883
interleaved,5f4353966486995aadc7f6a3,1,2.6511627906976742,76.20930232558139,0.5930232558139535,3.5232558139534884,3.5
interleaved,5f4353966486995aadc7f6a3,2,2.6865671641791047,79.01492537313433,0.7014925373134329,3.4776119402985075,3.4925373134328357
interleaved,5f4353966486995aadc7f6a3,3,2.7,78.2,0.82,3.5,3.62
interleaved,5f4353966486995aadc7f6a3,4,2.7058823529411766,83.1470588235294,0.8823529411764706,3.5,3.5
interleaved,5f4353966486995aadc7f6a3,5,2.588235294117647,67.52941176470588,0.8823529411764706,3.3529411764705883,3.3529411764705883
interleaved,5f639c21192b540a86e6e559,1,2.7241379310344827,80.33333333333333,0.6206896551724138,3.5172413793103448,3.4942528735632186
interleaved,5f639c21192b540a86e6e559,2,2.63768115942029,75.05797101449275,0.6956521739130435,3.463768115942029,3.5072463768115942
interleaved,5f639c21192b540a86e6e559,3,2.6122448979591835,79.83673469387755,0.8163265306122449,3.5918367346938775,3.5918367346938775
interleaved,5f639c21192b540a86e6e559,4,2.6129032258064515,73.19354838709677,0.9032258064516129,3.5483870967741935,3.5806451612903225
interleaved,5f639c21192b540a86e6e559,5,2.764705882352941,69.41176470588235,0.9411764705882353,3.6470588235294117,3.6470588235294117
interleaved,5f7c8d07b5861b0c4c5820ca,1,2.662921348314607,79.62921348314607,0.4943820224719101,3.5280898876404496,3.4831460674157304
interleaved,5f7c8d07b5861b0c4c5820ca,2,2.671875,77.84375,0.65625,3.5,3.4375
interleaved,5f7c8d07b5861b0c4c5820ca,3,2.7,74.26,0.74,3.62,3.5
interleaved,5f7c8d07b5861b0c4c5820ca,4,2.657142857142857,72.54285714285714,0.8285714285714286,3.4571428571428573,3.4285714285714284
interleaved,5f7c8d07b5861b0c4c5820ca,5,2.5,82.875,0.625,3.5,3.5
interleaved,5f8836a5fb70462a169fc0ac,1,2.6511627906976742,75.32558139534883,0.6744186046511628,3.4767441860465116,3.4767441860465116
interleaved,5f8836a5fb70462a169fc0ac,2,2.661764705882353,80.05882352941177,0.8088235294117647,3.5588235294117645,3.4411764705882355
interleaved,5f8836a5fb70462a169fc0ac,3,2.66,78.48,0.74,3.58,3.54
interleaved,5f8836a5fb70462a169fc0ac,4,2.676470588235294,78.23529411764706,0.8529411764705882,3.4705882352941178,3.5294117647058822
interleaved,5f8836a5fb70462a169fc0ac,5,2.75,73.9375,0.8125,3.1875,3.1875
interleaved,5f8a00adad39c80963ea5cf0,1,2.67816091954023,79.86206896551724,0.5517241379310345,3.5172413793103448,3.4942528735632186
interleaved,5f8a00adad39c80963ea5cf0,2,2.646153846153846,78.36923076923077,0.6615384615384615,3.5692307692307694,3.523076923076923
interleaved,5f8a00adad39c80963ea5cf0,3,2.6923076923076925,75.32692307692308,0.75,3.480769230769231,3.519230769230769
interleaved,5f8a00adad39c80963ea5cf0,4,2.6666666666666665,76.91666666666667,0.7777777777777778,3.5,3.5
interleaved,5f8a00adad39c80963ea5cf0,5,2.588235294117647,72.52941176470588,0.8235294117647058,3.6470588235294117,3.6470588235294117
interleaved,5fa9628fcfe3fe0d2fd65062,1,2.686046511627907,79.0813953488372,0.5813953488372093,3.5348837209302326,3.511627906976744
interleaved,5fa9628fcfe3fe0d2fd65062,2,2.6857142857142855,73.81428571428572,0.7285714285714285,3.4857142857142858,3.5142857142857142
interleaved,5fa9628fcfe3fe0d2fd65062,3,2.641509433962264,75.77358490566037,0.7547169811320755,3.547169811320755,3.509433962264151
interleaved,5fa9628fcfe3fe0d2fd65062,4,2.6176470588235294,77.55882352941177,0.9117647058823529,3.3823529411764706,3.3823529411764706
interleaved,5fa9628fcfe3fe0d2fd65062,5,2.5714285714285716,81.5,0.7857142857142857,3.5,3.5
interleaved,5fba7bdfd13754a0e3542df8,1,2.659090909090909,73.07954545454545,0.5454545454545454,3.477272727272727,3.5454545454545454
interleaved,5fba7bdfd13754a0e3542df8,2,2.6818181818181817,82.43939393939394,0.7121212121212122,3.590909090909091,3.4696969696969697
interleaved,5fba7bdfd13754a0e3542df8,3,2.6666666666666665,74.92156862745098,0.7254901960784313,3.450980392156863,3.4901960784313726
interleaved,5fba7bdfd13754a0e3542df8,4,2.7058823529411766,80.82352941176471,0.7647058823529411,3.6176470588235294,3.6176470588235294
interleaved,5fba7bdfd13754a0e3542df8,5,2.6470588235294117,81.3529411764706,0.8235294117647058,3.6470588235294117,3.6470588235294117
interleaved,5fcd709227fabfc6ca7a969e,1,2.686046511627907,75.52325581395348,0.627906976744186,3.5348837209302326,3.488372093023256
interleaved,5fcd709227fabfc6ca7a969e,2,2.656716417910448,78.74626865671642,0.6716417910447762,3.537313432835821,3.5522388059701493
interleaved,5fcd709227fabfc6ca7a969e,3,2.693877551020408,84.06122448979592,0.8979591836734694,3.5306122448979593,3.5306122448979593
interleaved,5fcd709227fabfc6ca7a969e,4,2.676470588235294,72.3529411764706,0.7941176470588235,3.3529411764705883,3.411764705882353
interleaved,5fcd709227fabfc6ca7a969e,5,2.6666666666666665,74.44444444444444,0.8333333333333334,3.5,3.5
interleaved,5fe6ecb7f4e23353fbf24459,1,2.6705882352941175,80.08235294117647,0.47058823529411764,3.5058823529411764,3.4823529411764707
interleaved,5fe6ecb7f4e23353fbf24459,2,2.6470588235294117,74.55882352941177,0.5441176470588235,3.4558823529411766,3.485294117647059
interleaved,5fe6ecb7f4e23353fbf24459,3,2.660377358490566,75.35849056603773,0.5660377358490566,3.5283018867924527,3.5283018867924527
interleaved,5fe6ecb7f4e23353fbf24459,4,2.6666666666666665,83.45454545454545,0.5757575757575758,3.4242424242424243,3.4545454545454546
interleaved,5fe6ecb7f4e23353fbf24459,5,2.7857142857142856,79.0,0.42857142857142855,3.5,3.5
interleaved,60017449682ed3025a873e3d,1,2.6506024096385543,77.55421686746988,0.43373493975903615,3.5060240963855422,3.4819277108433737
interleaved,60017449682ed3025a873e3d,2,2.7142857142857144,80.02857142857142,0.5285714285714286,3.5142857142857142,3.4857142857142858
interleaved,60017449682ed3025a873e3d,3,2.66,75.62,0.66,3.48,3.52
interleaved,60017449682ed3025a873e3d,4,2.6285714285714286,73.6,0.6,3.5428571428571427,3.5714285714285716
interleaved,60017449682ed3025a873e3d,5,2.588235294117647,78.70588235294117,0.5294117647058824,3.6470588235294117,3.6470588235294117
interleaved,6001944c90dd7f081710f788,1,2.6627906976744184,73.68604651162791,0.5348837209302325,3.4767441860465116,3.5
interleaved,6001944c90dd7f081710f788,2,2.6666666666666665,80.46969696969697,0.7121212121212122,3.5,3.5
interleaved,6001944c90dd7f081710f788,3,2.6666666666666665,80.80392156862744,0.7450980392156863,3.5098039215686274,3.4313725490196076
interleaved,6001944c90dd7f081710f788,4,2.6363636363636362,75.57575757575758,0.9090909090909091,3.4545454545454546,3.4242424242424243
interleaved,6001944c90dd7f081710f788,5,2.6470588235294117,76.88235294117646,0.9411764705882353,3.6470588235294117,3.6470588235294117
interleaved,6011d2b8b124c219f57c707e,1,2.647727272727273,76.01136363636364,0.5909090909090909,3.4886363636363638,3.4886363636363638
interleaved,6011d2b8b124c219f57c707e,2,2.6865671641791047,75.68656716417911,0.6119402985074627,3.4477611940298507,3.5223880597014925
interleaved,6011d2b8b124c219f57c707e,3,2.63265306122449,78.38775510204081,0.6326530612244898,3.5306122448979593,3.5306122448979593
interleaved,6011d2b8b124c219f57c707e,4,2.727272727272727,80.0909090909091,0.8484848484848485,3.303030303030303,3.3333333333333335
interleaved,6011d2b8b124c219f57c707e,5,2.764705882352941,82.94117647058823,0.8823529411764706,3.3529411764705883,3.3529411764705883
interleaved,602fea460a29c4d98a5d8034,1,2.6705882352941175,76.4235294117647,0.6235294117647059,3.458823529411765,3.5294117647058822
interleaved,602fea460a29c4d98a5d8034,2,2.710144927536232,71.95652173913044,0.6666666666666666,3.4927536231884058,3.536231884057971
interleaved,602fea460a29c4d98a5d8034,3,2.68,80.22,0.84,3.4,3.48
interleaved,602fea460a29c4d98a5d8034,4,2.588235294117647,84.44117647058823,0.8823529411764706,3.5294117647058822,3.4705882352941178
interleaved,602fea460a29c4d98a5d8034,5,2.6666666666666665,70.55555555555556,0.8888888888888888,3.5,3.5
interleaved,60455000d49d6a65940e6ab4,1,2.6904761904761907,78.97619047619048,0.5476190476190477,3.5595238095238093,3.4166666666666665
interleaved,60455000d49d6a65940e6ab4,2,2.6857142857142855,79.25714285714285,0.6428571428571429,3.4571428571428573,3.4857142857142858
interleaved,60455000d49d6a65940e6ab4,3,2.7058823529411766,76.49019607843137,0.8235294117647058,3.549019607843137,3.5098039215686274
interleaved,60455000d49d6a65940e6ab4,4,2.6176470588235294,73.76470588235294,0.7941176470588235,3.3529411764705883,3.411764705882353
interleaved,60455000d49d6a65940e6ab4,5,2.6470588235294117,72.94117647058823,0.8823529411764706,3.6470588235294117,3.6470588235294117
interleaved,604647daf93b230c5c1521f3,1,2.642857142857143,77.73809523809524,0.5595238095238095,3.4404761904761907,3.488095238095238
interleaved,604647daf93b230c5c1521f3,2,2.676470588235294,76.20588235294117,0.7058823529411765,3.411764705882353,3.5294117647058822
interleaved,604647daf93b230c5c1521f3,3,2.6470588235294117,82.47058823529412,0.8235294117647058,3.5098039215686274,3.549019607843137
interleaved,604647daf93b230c5c1521f3,4,2.6470588235294117,79.0,0.9705882352941176,3.4705882352941178,3.5294117647058822
interleaved,604647daf93b230c5c1521f3,5,2.6666666666666665,64.94444444444444,0.6666666666666666,3.5,3.5
interleaved,606968fc4633f8b94786a4c8,1,2.6506024096385543,75.32530120481928,0.6144578313253012,3.5421686746987953,3.4939759036144578
interleaved,606968fc4633f8b94786a4c8,2,2.661764705882353,79.22058823529412,0.6764705882352942,3.4558823529411766,3.5441176470588234
interleaved,606968fc4633f8b94786a4c8,3,2.6666666666666665,79.72222222222223,0.7962962962962963,3.5,3.5
interleaved,606968fc4633f8b94786a4c8,4,2.764705882352941,77.70588235294117,0.8529411764705882,3.5,3.5
interleaved,606968fc4633f8b94786a4c8,5,2.6470588235294117,69.0,0.9411764705882353,3.3529411764705883,3.3529411764705883
interleaved,609ffde6ce77f26ad8157c29,1,2.6627906976744184,73.93023255813954,0.5813953488372093,3.453488372093023,3.5232558139534884
interleaved,609ffde6ce77f26ad8157c29,2,2.7313432835820897,78.59701492537313,0.6716417910447762,3.4477611940298507,3.4029850746268657
interleaved,609ffde6ce77f26ad8157c29,3,2.6666666666666665,80.23529411764706,0.7450980392156863,3.607843137254902,3.5686274509803924
interleaved,609ffde6ce77f26ad8157c29,4,2.59375,76.90625,0.84375,3.625,3.625
interleaved,609ffde6ce77f26ad8157c29,5,2.6666666666666665,76.11111111111111,0.8333333333333334,3.5,3.5
interleaved,60a90a8cd3bb28b16b59d10f,1,2.6626506024096384,77.78313253012048,0.5662650602409639,3.4457831325301207,3.566265060240964
interleaved,60a90a8cd3bb28b16b59d10f,2,2.676470588235294,83.02941176470588,0.6764705882352942,3.5441176470588234,3.573529411764706
interleaved,60a90a8cd3bb28b16b59d10f,3,2.6346153846153846,74.5576923076923,0.7307692307692307,3.519230769230769,3.5961538461538463
interleaved,60a90a8cd3bb28b16b59d10f,4,2.727272727272727,78.45454545454545,0.7272727272727273,3.4242424242424243,3.4545454545454546
interleaved,60a90a8cd3bb28b16b59d10f,5,2.6470588235294117,66.94117647058823,0.8235294117647058,3.6470588235294117,3.6470588235294117
interleaved,60a9455edf704176d918fbaa,1,2.623529411764706,80.04705882352941,0.5882352941176471,3.5176470588235293,3.4941176470588236
interleaved,60a9455edf704176d918fbaa,2,2.661764705882353,78.91176470588235,0.6470588235294118,3.588235294117647,3.4705882352941178
interleaved,60a9455edf704176d918fbaa,3,2.6875,79.875,0.8333333333333334,3.4375,3.4375
interleaved,60a9455edf704176d918fbaa,4,2.6666666666666665,74.13888888888889,0.7777777777777778,3.5,3.5
interleaved,60a9455edf704176d918fbaa,5,2.764705882352941,71.58823529411765,0.8235294117647058,3.6470588235294117,3.6470588235294117
interleaved,60ad65eebbbdded30e50edba,1,2.6987951807228914,79.71084337349397,0.46987951807228917,3.4939759036144578,3.4939759036144578
interleaved,60ad65eebbbdded30e50edba,2,2.6363636363636362,72.57575757575758,0.6515151515151515,3.5,3.4393939393939394
interleaved,60ad65eebbbdded30e50edba,3,2.6923076923076925,81.07692307692308,0.5576923076923077,3.480769230769231,3.519230769230769
interleaved,60ad65eebbbdded30e50edba,4,2.6176470588235294,72.23529411764706,0.47058823529411764,3.588235294117647,3.6470588235294117
interleaved,60ad65eebbbdded30e50edba,5,2.6666666666666665,75.44444444444444,0.6666666666666666,3.5,3.5
interleaved,60b75cd79593a0a6020968f7,1,2.63953488372093,76.55813953488372,0.5697674418604651,3.5348837209302326,3.4651162790697674
interleaved,60b75cd79593a0a6020968f7,2,2.7313432835820897,80.83582089552239,0.582089552238806,3.4477611940298507,3.462686567164179
interleaved,60b75cd79593a0a6020968f7,3,2.673076923076923,76.0576923076923,0.7884615384615384,3.5576923076923075,3.5576923076923075
interleaved,60b75cd79593a0a6020968f7,4,2.6285714285714286,69.08571428571429,0.7714285714285715,3.5428571428571427,3.5714285714285716
interleaved,60b75cd79593a0a6020968f7,5,2.6666666666666665,87.86666666666666,0.8666666666666667,3.0,3.0
interleaved,60ba366b3792b3b40b6716bc,1,2.6463414634146343,76.02439024390245,0.5975609756097561,3.4390243902439024,3.5609756097560976
interleaved,60ba366b3792b3b40b6716bc,2,2.746268656716418,80.04477611940298,0.7014925373134329,3.4776119402985075,3.4328358208955225
interleaved,60ba366b3792b3b40b6716bc,3,2.6666666666666665,77.66666666666667,0.8888888888888888,3.5,3.5
interleaved,60ba366b3792b3b40b6716bc,4,2.6666666666666665,76.41666666666667,0.9166666666666666,3.5,3.5
interleaved,60ba366b3792b3b40b6716bc,5,2.588235294117647,72.11764705882354,0.9411764705882353,3.3529411764705883,3.3529411764705883
interleaved,60c7928e14e0a43a43369a5b,1,2.6790123456790123,80.87654320987654,0.6419753086419753,3.4691358024691357,3.567901234567901
interleaved,60c7928e14e0a43a43369a5b,2,2.6619718309859155,78.12676056338029,0.6901408450704225,3.464788732394366,3.507042253521127
interleaved,60c7928e14e0a43a43369a5b,3,2.6530612244897958,71.53061224489795,0.8775510204081632,3.4285714285714284,3.510204081632653
interleaved,60c7928e14e0a43a43369a5b,4,2.7142857142857144,76.71428571428571,0.8857142857142857,3.4571428571428573,3.4285714285714284
interleaved,60c7928e14e0a43a43369a5b,5,2.6666666666666665,77.72222222222223,0.8888888888888888,3.5,3.5
interleaved,60c7f0970b31e00de07b8131,1,2.6296296296296298,82.66666666666667,0.6049382716049383,3.4691358024691357,3.4691358024691357
interleaved,60c7f0970b31e00de07b8131,2,2.6666666666666665,72.57971014492753,0.6521739130434783,3.5072463768115942,3.5217391304347827
interleaved,60c7f0970b31e00de07b8131,3,2.76,77.22,0.94,3.4,3.36
interleaved,60c7f0970b31e00de07b8131,4,2.6666666666666665,74.13888888888889,0.9166666666666666,3.5,3.5
interleaved,60c7f0970b31e00de07b8131,5,2.6666666666666665,78.27777777777777,0.8333333333333334,3.5,3.5
interleaved,60cfb80f9613ba516472434c,1,2.686046511627907,76.05813953488372,0.6976744186046512,3.4767441860465116,3.5232558139534884
interleaved,60cfb80f9613ba516472434c,2,2.626865671641791,75.08955223880596,0.6268656716417911,3.4328358208955225,3.537313432835821
interleaved,60cfb80f9613ba516472434c,3,2.6862745098039214,79.70588235294117,0.7254901960784313,3.4901960784313726,3.450980392156863
interleaved,60cfb80f9613ba516472434c,4,2.6774193548387095,73.61290322580645,0.8387096774193549,3.5806451612903225,3.5483870967741935
interleaved,60cfb80f9613ba516472434c,5,2.6666666666666665,86.11111111111111,0.7222222222222222,3.5,3.5
interleaved,60d9ce9737af4d27b6640d37,1,2.682926829268293,80.1829268292683,0.6463414634146342,3.4878048780487805,3.5853658536585367
interleaved,60d9ce9737af4d27b6640d37,2,2.626865671641791,74.7910447761194,0.6417910447761194,3.537313432835821,3.5522388059701493
interleaved,60d9ce9737af4d27b6640d37,3,2.6666666666666665,78.49019607843137,0.6470588235294118,3.5098039215686274,3.549019607843137
interleaved,60d9ce9737af4d27b6640d37,4,2.6666666666666665,72.83333333333333,0.6111111111111112,3.5,3.5
interleaved,60d9ce9737af4d27b6640d37,5,2.6666666666666665,79.44444444444444,0.6111111111111112,3.5,3.5
interleaved,60e99d21ee0ee2ea2ed16e3e,1,2.6547619047619047,77.58333333333333,0.5714285714285714,3.4642857142857144,3.5357142857142856
interleaved,60e99d21ee0ee2ea2ed16e3e,2,2.6619718309859155,76.50704225352112,0.6197183098591549,3.492957746478873,3.535211267605634
interleaved,60e99d21ee0ee2ea2ed16e3e,3,2.72,79.02,0.7,3.42,3.46
interleaved,60e99d21ee0ee2ea2ed16e3e,4,2.727272727272727,79.72727272727273,0.696969696969697,3.5757575757575757,3.5454545454545454
interleaved,60e99d21ee0ee2ea2ed16e3e,5,2.466666666666667,69.93333333333334,0.6666666666666666,3.3333333333333335,3.3333333333333335
interleaved,60ecb2f2432bec2f16c3ab9a,1,2.7294117647058824,75.69411764705882,0.5764705882352941,3.458823529411765,3.552941176470588
interleaved,60ecb2f2432bec2f16c3ab9a,2,2.6323529411764706,74.98529411764706,0.5588235294117647,3.5441176470588234,3.514705882352941
interleaved,60ecb2f2432bec2f16c3ab9a,3,2.62,79.26,0.64,3.54,3.58
interleaved,60ecb2f2432bec2f16c3ab9a,4,2.7058823529411766,79.47058823529412,0.6764705882352942,3.5,3.5
interleaved,60ecb2f2432bec2f16c3ab9a,5,2.6470588235294117,88.58823529411765,0.7058823529411765,3.3529411764705883,3.3529411764705883
interleaved,60fd9b1f9557d7bffbb5e6de,1,2.6511627906976742,72.52325581395348,0.5116279069767442,3.441860465116279,3.558139534883721
interleaved,60fd9b1f9557d7bffbb5e6de,2,2.701492537313433,75.94029850746269,0.6268656716417911,3.5223880597014925,3.5074626865671643
interleaved,60fd9b1f9557d7bffbb5e6de,3,2.693877551020408,84.6938775510204,0.6326530612244898,3.4489795918367347,3.489795918367347
interleaved,60fd9b1f9557d7bffbb5e6de,4,2.588235294117647,73.32352941176471,0.7941176470588235,3.5,3.5
interleaved,60fd9b1f9557d7bffbb5e6de,5,2.6666666666666665,90.33333333333333,0.8888888888888888,3.5,3.5
interleaved,611152987d872a13bd7b7cac,1,2.6666666666666665,76.95402298850574,0.5287356321839081,3.5632183908045976,3.471264367816092
interleaved,611152987d872a13bd7b7cac,2,2.6923076923076925,77.44615384615385,0.8769230769230769,3.5076923076923077,3.523076923076923
interleaved,611152987d872a13bd7b7cac,3,2.607843137254902,79.56862745098039,0.8627450980392157,3.4705882352941178,3.4705882352941178
interleaved,611152987d872a13bd7b7cac,4,2.7058823529411766,76.73529411764706,0.8529411764705882,3.5294117647058822,3.4705882352941178
interleaved,611152987d872a13bd7b7cac,5,2.6666666666666665,78.38888888888889,0.8333333333333334,3.5,3.5
interleaved,6122b9ffce05d8e56860755a,1,2.7142857142857144,77.79761904761905,0.5595238095238095,3.511904761904762,3.511904761904762
interleaved,6122b9ffce05d8e56860755a,2,2.661764705882353,77.42647058823529,0.7647058823529411,3.4705882352941178,3.4705882352941178
interleaved,6122b9ffce05d8e56860755a,3,2.66,76.58,0.84,3.46,3.42
interleaved,6122b9ffce05d8e56860755a,4,2.6176470588235294,74.20588235294117,0.9117647058823529,3.6176470588235294,3.6176470588235294
interleaved,6122b9ffce05d8e56860755a,5,2.588235294117647,79.0,0.8235294117647058,3.6470588235294117,3.6470588235294117
interleaved,614703ccac948d05a697d678,1,2.6265060240963853,76.73493975903614,0.6385542168674698,3.4819277108433737,3.5301204819277108
interleaved,614703ccac948d05a697d678,2,2.716417910447761,78.3731343283582,0.5522388059701493,3.417910447761194,3.5522388059701493
interleaved,614703ccac948d05a697d678,3,2.69811320754717,78.35849056603773,0.6037735849056604,3.5283018867924527,3.5283018867924527
interleaved,614703ccac948d05a697d678,4,2.7142857142857144,75.08571428571429,0.5714285714285714,3.4285714285714284,3.4571428571428573
interleaved,614703ccac948d05a697d678,5,2.5625,82.0,0.5625,3.5,3.5
interleaved,615a1953b86b959f9bc84ac8,1,2.6705882352941175,79.82352941176471,0.5882352941176471,3.4823529411764707,3.4823529411764707
interleaved,615a1953b86b959f9bc84ac8,2,2.661764705882353,76.20588235294117,0.6323529411764706,3.485294117647059,3.4558823529411766
interleaved,615a1953b86b959f9bc84ac8,3,2.6470588235294117,76.2156862745098,0.7058823529411765,3.588235294117647,3.588235294117647
interleaved,615a1953b86b959f9bc84ac8,4,2.7058823529411766,78.05882352941177,0.9117647058823529,3.588235294117647,3.6470588235294117
interleaved,615a1953b86b959f9bc84ac8,5,2.6875,66.25,1.0,3.8125,3.8125
interleaved,6164822d9cde4e525a7c9e6f,1,2.642857142857143,79.14285714285714,0.6309523809523809,3.4642857142857144,3.5595238095238093
interleaved,6164822d9cde4e525a7c9e6f,2,2.671641791044776,75.82089552238806,0.746268656716418,3.4776119402985075,3.5522388059701493
interleaved,6164822d9cde4e525a7c9e6f,3,2.68,78.4,0.8,3.52,3.48
interleaved,6164822d9cde4e525a7c9e6f,4,2.7058823529411766,85.17647058823529,0.7647058823529411,3.6470588235294117,3.588235294117647
interleaved,6164822d9cde4e525a7c9e6f,5,2.6666666666666665,69.33333333333333,0.9444444444444444,3.5,3.5
interleaved,6164b0c07cd2378a2d55c4c3,1,2.686046511627907,72.4186046511628,0.5697674418604651,3.511627906976744,3.488372093023256
interleaved,6164b0c07cd2378a2d55c4c3,2,2.681159420289855,82.47826086956522,0.6956521739130435,3.4782608695652173,3.4347826086956523
interleaved,6164b0c07cd2378a2d55c4c3,3,2.68,75.64,0.76,3.5,3.62
interleaved,6164b0c07cd2378a2d55c4c3,4,2.5757575757575757,83.72727272727273,0.8787878787878788,3.5757575757575757,3.5454545454545454
interleaved,6164b0c07cd2378a2d55c4c3,5,2.5625,74.5625,0.6875,3.8125,3.8125
interleaved,62c5f224fb8653dcf806d768,1,2.7241379310344827,73.75862068965517,0.5747126436781609,3.528735632183908,3.5057471264367814
interleaved,62c5f224fb8653dcf806d768,2,2.6417910447761193,79.35820895522389,0.6268656716417911,3.4776119402985075,3.5522388059701493
interleaved,62c5f224fb8653dcf806d768,3,2.64,79.88,0.7,3.44,3.44
interleaved,62c5f224fb8653dcf806d768,4,2.7058823529411766,75.94117647058823,0.7941176470588235,3.6176470588235294,3.6176470588235294
interleaved,62c5f224fb8653dcf806d768,5,2.588235294117647,78.17647058823529,0.9411764705882353,3.3529411764705883,3.3529411764705883
interleaved,62cbf6ede47c5899f8c43690,1,2.6704545454545454,77.07954545454545,0.5568181818181818,3.465909090909091,3.534090909090909
interleaved,62cbf6ede47c5899f8c43690,2,2.671641791044776,78.05970149253731,0.7761194029850746,3.4477611940298507,3.5223880597014925
interleaved,62cbf6ede47c5899f8c43690,3,2.6666666666666665,72.01960784313725,0.8627450980392157,3.411764705882353,3.411764705882353
interleaved,62cbf6ede47c5899f8c43690,4,2.6666666666666665,83.57575757575758,1.0,3.3333333333333335,3.303030303030303
interleaved,62cbf6ede47c5899f8c43690,5,2.6470588235294117,77.6470588235294,0.8823529411764706,3.6470588235294117,3.6470588235294117
interleaved,62cc61764995e851997bc3d2,1,2.686046511627907,74.47674418604652,0.6046511627906976,3.4767441860465116,3.5232558139534884
interleaved,62cc61764995e851997bc3d2,2,2.6470588235294117,76.27941176470588,0.6764705882352942,3.485294117647059,3.3970588235294117
interleaved,62cc61764995e851997bc3d2,3,2.6538461538461537,80.73076923076923,0.8269230769230769,3.576923076923077,3.5384615384615383
interleaved,62cc61764995e851997bc3d2,4,2.676470588235294,75.47058823529412,0.8823529411764706,3.5,3.5
interleaved,62cc61764995e851997bc3d2,5,2.6666666666666665,77.61111111111111,0.8888888888888888,3.5,3.5
interleaved,62d9e46fded6a6209a518499,1,2.6463414634146343,77.76829268292683,0.5975609756097561,3.524390243902439,3.5
interleaved,62d9e46fded6a6209a518499,2,2.642857142857143,79.55714285714286,0.5714285714285714,3.4571428571428573,3.5428571428571427
interleaved,62d9e46fded6a6209a518499,3,2.7,74.06,0.62,3.54,3.46
interleaved,62d9e46fded6a6209a518499,4,2.6666666666666665,76.36111111111111,0.6666666666666666,3.5,3.5
interleaved,62d9e46fded6a6209a518499,5,2.764705882352941,76.41176470588235,0.7058823529411765,3.6470588235294117,3.6470588235294117
interleaved,62ea4eda882ce012b70c4e25,1,2.697674418604651,75.81395348837209,0.5232558139534884,3.5,3.5
interleaved,62ea4eda882ce012b70c4e25,2,2.671641791044776,79.02985074626865,0.7164179104477612,3.4776119402985075,3.4925373134328357
interleaved,62ea4eda882ce012b70c4e25,3,2.63265306122449,80.22448979591837,0.7142857142857143,3.489795918367347,3.326530612244898
interleaved,62ea4eda882ce012b70c4e25,4,2.6666666666666665,70.94444444444444,0.7777777777777778,3.5,3.5
interleaved,62ea4eda882ce012b70c4e25,5,2.588235294117647,86.29411764705883,0.7647058823529411,3.6470588235294117,3.6470588235294117
interleaved,63039add5b36e081a5387f95,1,2.6823529411764704,78.75294117647059,0.5647058823529412,3.5294117647058822,3.4823529411764707
interleaved,63039add5b36e081a5387f95,2,2.647887323943662,76.97183098591549,0.6338028169014085,3.5211267605633805,3.507042253521127
interleaved,63039add5b36e081a5387f95,3,2.7291666666666665,78.72916666666667,0.8541666666666666,3.5625,3.5625
interleaved,63039add5b36e081a5387f95,4,2.6176470588235294,73.67647058823529,0.9117647058823529,3.4705882352941178,3.5294117647058822
interleaved,63039add5b36e081a5387f95,5,2.6666666666666665,73.94444444444444,0.8888888888888888,3.5,3.5
interleaved,63207c8968ec10d3b9d54151,1,2.7093023255813953,78.5,0.627906976744186,3.5232558139534884,3.4767441860465116
interleaved,63207c8968ec10d3b9d54151,2,2.6515151515151514,80.53030303030303,0.696969696969697,3.484848484848485,3.515151515151515
interleaved,63207c8968ec10d3b9d54151,3,2.63265306122449,77.20408163265306,0.7551020408163265,3.4285714285714284,3.510204081632653
interleaved,63207c8968ec10d3b9d54151,4,2.657142857142857,73.62857142857143,0.8285714285714286,3.5428571428571427,3.5714285714285716
interleaved,63207c8968ec10d3b9d54151,5,2.6666666666666665,73.16666666666667,0.8888888888888888,3.5,3.5
interleaved,632b54f5fa1b0a56ffe31f6e,1,2.6436781609195403,79.2183908045977,0.4827586206896552,3.5517241379310347,3.4597701149425286
interleaved,632b54f5fa1b0a56ffe31f6e,2,2.696969696969697,74.43939393939394,0.6212121212121212,3.5303030303030303,3.4696969696969697
interleaved,632b54f5fa1b0a56ffe31f6e,3,2.6923076923076925,78.86538461538461,0.6730769230769231,3.4423076923076925,3.4423076923076925
interleaved,632b54f5fa1b0a56ffe31f6e,4,2.71875,77.15625,0.8125,3.625,3.625
interleaved,632b54f5fa1b0a56ffe31f6e,5,2.588235294117647,80.41176470588235,0.7647058823529411,3.3529411764705883,3.3529411764705883
interleaved,6348725b57df9480da991127,1,2.642857142857143,81.1547619047619,0.5714285714285714,3.5,3.5238095238095237
interleaved,6348725b57df9480da991127,2,2.671641791044776,75.98507462686567,0.7910447761194029,3.4776119402985075,3.4925373134328357
interleaved,6348725b57df9480da991127,3,2.641509433962264,73.75471698113208,0.9622641509433962,3.5283018867924527,3.5283018867924527
interleaved,6348725b57df9480da991127,4,2.7142857142857144,78.28571428571429,0.9714285714285714,3.4571428571428573,3.4285714285714284
interleaved,6348725b57df9480da991127,5,2.588235294117647,72.05882352941177,0.8823529411764706,3.3529411764705883,3.3529411764705883
interleaved,6349846837c4eb9c40269ba7,1,2.6744186046511627,75.02325581395348,0.5465116279069767,3.4767441860465116,3.5232558139534884
interleaved,6349846837c4eb9c40269ba7,2,2.681159420289855,77.1159420289855,0.7391304347826086,3.4782608695652173,3.550724637681159
interleaved,6349846837c4eb9c40269ba7,3,2.627450980392157,80.45098039215686,0.8235294117647058,3.4901960784313726,3.450980392156863
interleaved,6349846837c4eb9c40269ba7,4,2.6470588235294117,75.38235294117646,0.7941176470588235,3.3823529411764706,3.3823529411764706
interleaved,6349846837c4eb9c40269ba7,5,2.764705882352941,72.29411764705883,0.9411764705882353,3.6470588235294117,3.6470588235294117
interleaved,636543751e9791c17abc6aab,1,2.7045454545454546,79.2840909090909,0.625,3.477272727272727,3.5454545454545454
interleaved,636543751e9791c17abc6aab,2,2.6615384615384614,78.84615384615384,0.7230769230769231,3.5538461538461537,3.476923076923077
interleaved,636543751e9791c17abc6aab,3,2.66,67.92,0.8,3.52,3.48
interleaved,636543751e9791c17abc6aab,4,2.6285714285714286,79.42857142857143,0.9428571428571428,3.5428571428571427,3.5714285714285716
interleaved,636543751e9791c17abc6aab,5,2.588235294117647,78.3529411764706,1.0,3.6470588235294117,3.6470588235294117
interleaved,636d39168fe0bc0570ee8da0,1,2.6511627906976742,74.31395348837209,0.627906976744186,3.4767441860465116,3.4767441860465116
interleaved,636d39168fe0bc0570ee8da0,2,2.676470588235294,77.52941176470588,0.75,3.485294117647059,3.4558823529411766
interleaved,636d39168fe0bc0570ee8da0,3,2.6862745098039214,77.23529411764706,0.8823529411764706,3.4901960784313726,3.450980392156863
interleaved,636d39168fe0bc0570ee8da0,4,2.625,82.125,0.84375,3.625,3.625
interleaved,636d39168fe0bc0570ee8da0,5,2.6666666666666665,78.22222222222223,0.8888888888888888,3.5,3.5
interleaved,6384ad74e501dcdf22163239,1,2.6666666666666665,75.59770114942529,0.5862068965517241,3.471264367816092,3.5402298850574714
interleaved,6384ad74e501dcdf22163239,2,2.652173913043478,74.91304347826087,0.6666666666666666,3.449275362318841,3.5217391304347827
interleaved,6384ad74e501dcdf22163239,3,2.6666666666666665,78.7843137254902,0.7450980392156863,3.607843137254902,3.5686274509803924
interleaved,6384ad74e501dcdf22163239,4,2.7096774193548385,79.93548387096774,0.8064516129032258,3.5806451612903225,3.5483870967741935
interleaved,6384ad74e501dcdf22163239,5,2.588235294117647,79.17647058823529,0.7647058823529411,3.6470588235294117,3.6470588235294117
interleaved,63d00e3cea3280c3ed8a340c,1,2.6823529411764704,77.29411764705883,0.5529411764705883,3.458823529411765,3.4823529411764707
interleaved,63d00e3cea3280c3ed8a340c,2,2.6666666666666665,79.97101449275362,0.6521739130434783,3.463768115942029,3.449275362318841
interleaved,63d00e3cea3280c3ed8a340c,3,2.7346938775510203,76.22448979591837,0.7142857142857143,3.4693877551020407,3.4693877551020407
interleaved,63d00e3cea3280c3ed8a340c,4,2.6666666666666665,74.77777777777777,0.8333333333333334,3.5,3.5
interleaved,63d00e3cea3280c3ed8a340c,5,2.5,83.4375,0.875,3.5,3.5
interleaved,63d10034c4d10e158a7d2750,1,2.616279069767442,77.56976744186046,0.6046511627906976,3.488372093023256,3.558139534883721
interleaved,63d10034c4d10e158a7d2750,2,2.6923076923076925,82.0923076923077,0.7692307692307693,3.5384615384615383,3.4923076923076923
interleaved,63d10034c4d10e158a7d2750,3,2.6923076923076925,75.0576923076923,0.8269230769230769,3.5576923076923075,3.5576923076923075
interleaved,63d10034c4d10e158a7d2750,4,2.657142857142857,73.2,0.8,3.5428571428571427,3.5714285714285716
interleaved,63d10034c4d10e158a7d2750,5,2.588235294117647,72.0,0.8235294117647058,3.3529411764705883,3.3529411764705883
interleaved,63d13c9e1c33ca2182c2ef5e,1,2.6785714285714284,81.03571428571429,0.5238095238095238,3.4166666666666665,3.5357142857142856
interleaved,63d13c9e1c33ca2182c2ef5e,2,2.6470588235294117,72.82352941176471,0.6617647058823529,3.514705882352941,3.5441176470588234
interleaved,63d13c9e1c33ca2182c2ef5e,3,2.660377358490566,81.32075471698113,0.8867924528301887,3.4716981132075473,3.4716981132075473
interleaved,63d13c9e1c33ca2182c2ef5e,4,2.657142857142857,69.45714285714286,0.8857142857142857,3.5714285714285716,3.5428571428571427
interleaved,63d13c9e1c33ca2182c2ef5e,5,2.875,85.5,0.9375,3.5,3.5
interleaved,63d7de3f10d9abb5c1c1457e,1,2.6588235294117646,78.88235294117646,0.6,3.4705882352941178,3.5176470588235293
interleaved,63d7de3f10d9abb5c1c1457e,2,2.701492537313433,80.01492537313433,0.6865671641791045,3.4925373134328357,3.4776119402985075
interleaved,63d7de3f10d9abb5c1c1457e,3,2.7254901960784315,71.66666666666667,0.8235294117647058,3.5294117647058822,3.411764705882353
interleaved,63d7de3f10d9abb5c1c1457e,4,2.5757575757575757,76.12121212121212,0.7575757575757576,3.5454545454545454,3.5757575757575757
interleaved,63d7de3f10d9abb5c1c1457e,5,2.6666666666666665,74.05555555555556,0.7777777777777778,3.5,3.5
interleaved,63e52bc62b2ecca285bffc9b,1,2.6588235294117646,76.04705882352941,0.6352941176470588,3.541176470588235,3.4705882352941178
interleaved,63e52bc62b2ecca285bffc9b,2,2.656716417910448,74.56716417910448,0.7313432835820896,3.4029850746268657,3.5074626865671643
interleaved,63e52bc62b2ecca285bffc9b,3,2.6923076923076925,77.25,0.8846153846153846,3.5384615384615383,3.576923076923077
interleaved,63e52bc62b2ecca285bffc9b,4,2.727272727272727,85.24242424242425,0.9696969696969697,3.393939393939394,3.484848484848485
interleaved,63e52bc62b2ecca285bffc9b,5,2.6666666666666665,88.0,0.9444444444444444,3.5,3.5
interleaved,63ea56aa854e5e0c4d49ff7e,1,2.617283950617284,79.49382716049382,0.5555555555555556,3.493827160493827,3.493827160493827
interleaved,63ea56aa854e5e0c4d49ff7e,2,2.676470588235294,81.1470588235294,0.6764705882352942,3.485294117647059,3.514705882352941
interleaved,63ea56aa854e5e0c4d49ff7e,3,2.6666666666666665,74.41176470588235,0.7254901960784313,3.5294117647058822,3.5294117647058822
interleaved,63ea56aa854e5e0c4d49ff7e,4,2.7142857142857144,76.02857142857142,0.7714285714285715,3.4285714285714284,3.4571428571428573
interleaved,63ea56aa854e5e0c4d49ff7e,5,2.6666666666666665,64.11111111111111,0.7222222222222222,3.5,3.5
interleaved,63eb94b87f4dff9de49cccad,1,2.63953488372093,75.33720930232558,0.6627906976744186,3.488372093023256,3.4651162790697674
interleaved,63eb94b87f4dff9de49cccad,2,2.742424242424242,76.77272727272727,0.7727272727272727,3.484848484848485,3.4545454545454546
interleaved,63eb94b87f4dff9de49cccad,3,2.673076923076923,78.65384615384616,0.9038461538461539,3.480769230769231,3.519230769230769
interleaved,63eb94b87f4dff9de49cccad,4,2.5757575757575757,80.03030303030303,0.8181818181818182,3.4242424242424243,3.4545454545454546
interleaved,63eb94b87f4dff9de49cccad,5,2.6666666666666665,75.83333333333333,0.9444444444444444,3.5,3.5
interleaved,63ee9abfa262bea95766dd9c,1,2.635294117647059,73.83529411764705,0.5176470588235295,3.541176470588235,3.447058823529412
interleaved,63ee9abfa262bea95766dd9c,2,2.676470588235294,80.8970588235294,0.39705882352941174,3.573529411764706,3.485294117647059
interleaved,63ee9abfa262bea95766dd9c,3,2.64,78.6,0.44,3.52,3.48
interleaved,63ee9abfa262bea95766dd9c,4,2.7142857142857144,76.74285714285715,0.42857142857142855,3.5714285714285716,3.5428571428571427
interleaved,63ee9abfa262bea95766dd9c,5,2.6470588235294117,80.17647058823529,0.5294117647058824,3.3529411764705883,3.3529411764705883
interleaved,63f78703fbd3a523a963d860,1,2.6511627906976742,76.61627906976744,0.5348837209302325,3.5348837209302326,3.4651162790697674
interleaved,63f78703fbd3a523a963d860,2,2.681159420289855,77.8695652173913,0.6811594202898551,3.5217391304347827,3.5652173913043477
interleaved,63f78703fbd3a523a963d860,3,2.72,81.82,0.7,3.5,3.5
interleaved,63f78703fbd3a523a963d860,4,2.6285714285714286,69.51428571428572,0.7142857142857143,3.5714285714285716,3.5428571428571427
interleaved,63f78703fbd3a523a963d860,5,2.764705882352941,77.76470588235294,0.7058823529411765,3.6470588235294117,3.6470588235294117
interleaved,6400da269c4826958d604b68,1,2.6666666666666665,74.36904761904762,0.6309523809523809,3.5238095238095237,3.4523809523809526
interleaved,6400da269c4826958d604b68,2,2.6956521739130435,75.3913043478261,0.782608695652174,3.449275362318841,3.5217391304347827
interleaved,6400da269c4826958d604b68,3,2.6862745098039214,79.31372549019608,0.8823529411764706,3.4705882352941178,3.4705882352941178
interleaved,6400da269c4826958d604b68,4,2.6666666666666665,74.81818181818181,0.8787878787878788,3.3333333333333335,3.303030303030303
interleaved,6400da269c4826958d604b68,5,2.588235294117647,101.23529411764706,0.8235294117647058,3.6470588235294117,3.6470588235294117
interleaved,64011d89460937cf59669000,1,2.7011494252873565,78.20689655172414,0.5402298850574713,3.4942528735632186,3.5172413793103448
interleaved,64011d89460937cf59669000,2,2.6857142857142855,74.9,0.5428571428571428,3.5285714285714285,3.5285714285714285
interleaved,64011d89460937cf59669000,3,2.6458333333333335,80.45833333333333,0.4583333333333333,3.4166666666666665,3.3333333333333335
interleaved,64011d89460937cf59669000,4,2.7142857142857144,65.02857142857142,0.6,3.5428571428571427,3.5714285714285716
interleaved,64011d89460937cf59669000,5,2.6666666666666665,87.05555555555556,0.5,3.5,3.5
